PRAGMA foreign_keys=OFF;
BEGIN TRANSACTION;
CREATE TABLE IF NOT EXISTS "ar_internal_metadata" ("key" varchar NOT NULL PRIMARY KEY, "value" varchar, "created_at" datetime(6) NOT NULL, "updated_at" datetime(6) NOT NULL);
INSERT INTO ar_internal_metadata VALUES('environment','development','2025-02-07 22:03:24.541028','2025-02-07 22:03:24.541033');
CREATE TABLE IF NOT EXISTS "genres" ("id" integer PRIMARY KEY AUTOINCREMENT NOT NULL, "name" varchar, "vocal" boolean, "created_at" datetime(6) NOT NULL, "updated_at" datetime(6) NOT NULL);
INSERT INTO genres VALUES(1,'Trio',0,'2025-02-07 18:06:36.230913','2025-02-07 18:06:36.230913');
INSERT INTO genres VALUES(2,'Symphony',0,'2025-02-07 18:06:36.242299','2025-02-07 18:06:36.242299');
INSERT INTO genres VALUES(3,'String Quartet',0,'2025-02-07 18:06:36.249972','2025-02-07 18:06:36.249972');
INSERT INTO genres VALUES(4,'Concerto',0,'2025-02-07 18:06:36.256078','2025-02-07 18:06:36.256078');
INSERT INTO genres VALUES(5,'Sonata',0,'2025-02-07 18:06:36.277724','2025-02-07 18:06:36.277724');
INSERT INTO genres VALUES(6,'Part Song',1,'2025-02-07 18:06:36.284033','2025-02-07 18:06:36.284033');
INSERT INTO genres VALUES(7,'Hymn',1,'2025-02-07 18:06:36.290635','2025-02-07 18:06:36.290635');
INSERT INTO genres VALUES(8,'Overture',0,'2025-02-07 18:09:16.972894','2025-02-07 18:09:16.972894');
INSERT INTO genres VALUES(9,'Tone Poem',0,'2025-02-07 18:11:18.145279','2025-02-07 18:11:18.145279');
INSERT INTO genres VALUES(10,'Orchestral Fantasia',0,'2025-02-07 18:16:31.946876','2025-02-07 18:16:31.946876');
INSERT INTO genres VALUES(11,'Serenade',0,'2025-02-07 18:18:44.871259','2025-02-07 18:18:44.871259');
INSERT INTO genres VALUES(12,'Suite',0,'2025-02-07 18:31:47.699957','2025-02-07 18:31:47.699957');
INSERT INTO genres VALUES(13,'Opera',1,'2025-02-07 18:48:13.510965','2025-02-07 18:48:13.510965');
INSERT INTO genres VALUES(14,'Miscellaneous Chamber',0,'2025-02-07 18:56:50.492764','2025-02-07 18:56:50.492764');
INSERT INTO genres VALUES(15,'Miscellaneous Solo',0,'2025-02-07 19:03:49.650688','2025-02-07 19:03:49.650688');
CREATE TABLE IF NOT EXISTS "works" ("id" integer PRIMARY KEY AUTOINCREMENT NOT NULL, "title" varchar DEFAULT NULL, "composed_in" integer DEFAULT NULL, "score_link" varchar DEFAULT NULL, "recording_link" varchar DEFAULT NULL, "revised_in" integer DEFAULT NULL, "genre_id" integer DEFAULT NULL, "created_at" datetime(6) NOT NULL, "updated_at" datetime(6) NOT NULL, "lyricist" varchar, "ascap" boolean, CONSTRAINT "fk_rails_a1441ff0e0"
FOREIGN KEY ("genre_id")
  REFERENCES "genres" ("id")
);
INSERT INTO works VALUES(1,'Concerto Grosso for two oboes, English horn and strings',1971,NULL,NULL,NULL,4,'2025-02-07 18:08:23.422658','2025-02-07 18:08:23.422658','',0);
INSERT INTO works VALUES(2,'Symphony',1973,NULL,NULL,NULL,2,'2025-02-07 18:10:04.122073','2025-02-07 18:10:04.122073','',0);
INSERT INTO works VALUES(3,'Barn Murals',1975,NULL,NULL,NULL,8,'2025-02-07 18:10:56.327826','2025-02-07 18:12:17.116251','',0);
INSERT INTO works VALUES(4,'Moundbuilders',1986,NULL,NULL,NULL,9,'2025-02-07 18:12:01.226621','2025-02-07 18:12:01.226621','',0);
INSERT INTO works VALUES(5,'World Enough and Time: A Rhapsody for Cello and Orchestra',1990,'world_enough.pdf','world_enough.mp3',NULL,4,'2025-02-07 18:13:55.689110','2025-02-07 18:13:55.689110','',1);
INSERT INTO works VALUES(6,'Fantasia on ‘Shenandoah’',1991,NULL,NULL,NULL,10,'2025-02-07 18:17:25.265302','2025-02-07 18:17:25.265302','',0);
INSERT INTO works VALUES(7,'Serenade for Mary',1978,'overture_mary.pdf','overture_mary.mp3',1998,11,'2025-02-07 18:21:59.489366','2025-02-07 18:21:59.489366','',1);
INSERT INTO works VALUES(8,'The View from Carew:  Romance for Bb clarinet & orchestra',2000,NULL,NULL,NULL,4,'2025-02-07 18:23:38.034375','2025-02-07 18:23:38.034375','',1);
INSERT INTO works VALUES(9,'Variations on “A Little Child”',2005,NULL,NULL,NULL,4,'2025-02-07 18:25:32.923847','2025-02-07 18:25:58.257280','',1);
INSERT INTO works VALUES(10,'Concerto for Cello and strings with A clarinet.',2006,NULL,NULL,NULL,4,'2025-02-07 18:28:09.759901','2025-02-07 18:28:09.759901','',1);
INSERT INTO works VALUES(11,'Concerto for Bb Clarinet and Orchestra',2007,'clar_cto_1st_movt.pdf','clar_cto_1st_mvt.mp3',NULL,4,'2025-02-07 18:31:04.278983','2025-02-07 18:31:04.278983','',1);
INSERT INTO works VALUES(12,'North Country Suite',2011,NULL,NULL,NULL,12,'2025-02-07 18:32:48.859308','2025-02-07 18:32:48.859308','',1);
INSERT INTO works VALUES(13,'Symphony for Seven Instruments (including piano)',2023,NULL,NULL,NULL,2,'2025-02-07 18:35:44.185856','2025-02-07 18:35:44.185856','',0);
INSERT INTO works VALUES(14,'God’s Messenger Comes to Everyman (original version)',1978,NULL,NULL,NULL,13,'2025-02-07 18:50:58.575146','2025-02-07 18:50:58.575146','David Robinson (ed.)',0);
INSERT INTO works VALUES(15,'God’s Messenger Comes to Everyman (piano trio version)',1983,NULL,NULL,NULL,13,'2025-02-07 18:53:56.565999','2025-02-07 18:53:56.565999','David Robinson (ed.)',0);
INSERT INTO works VALUES(16,'God’s Messenger Comes to Everyman (quartet & trio version)',1999,NULL,NULL,NULL,13,'2025-02-07 18:55:46.261842','2025-02-07 18:55:46.261842','David Robinson (ed.)',0);
INSERT INTO works VALUES(17,'Duo for clarinet and piano',1968,NULL,NULL,NULL,14,'2025-02-07 18:57:58.198473','2025-02-07 18:57:58.198473','',0);
INSERT INTO works VALUES(18,'String Quartet No. 1',1969,NULL,NULL,NULL,3,'2025-02-07 18:58:47.401267','2025-02-07 18:58:47.401267','',0);
INSERT INTO works VALUES(19,'String Quartet No. 2',1969,NULL,NULL,NULL,3,'2025-02-07 18:59:41.364416','2025-02-07 18:59:41.364416','',0);
INSERT INTO works VALUES(20,'Passacaglia and Fugue in D',1969,NULL,NULL,NULL,14,'2025-02-07 19:01:05.914778','2025-02-07 19:01:05.914778','',0);
INSERT INTO works VALUES(21,'Pensee for solo piano',1969,NULL,NULL,NULL,15,'2025-02-07 19:03:14.782589','2025-02-07 19:04:08.069726','',0);
INSERT INTO works VALUES(22,'Tennishoodaze',1971,NULL,NULL,NULL,14,'2025-02-07 19:06:15.381458','2025-02-07 19:06:15.381458','',0);
INSERT INTO works VALUES(23,'Sonata No. 1 for Violin and Piano',1971,NULL,NULL,NULL,5,'2025-02-07 19:07:14.441140','2025-02-07 19:07:14.441140','',0);
INSERT INTO works VALUES(24,'Sonata No. 2 for Violin and Piano',1971,NULL,NULL,1974,5,'2025-02-07 19:08:24.546163','2025-02-07 19:08:24.546163','',0);
INSERT INTO works VALUES(25,'Sonata for oboe and piano',1971,NULL,NULL,1975,5,'2025-02-07 19:09:36.147178','2025-02-07 19:09:36.147178','',0);
INSERT INTO works VALUES(26,'Woodwind Quintet No. 1',1972,NULL,NULL,NULL,14,'2025-02-07 19:11:04.002377','2025-02-07 19:11:04.002377','',0);
INSERT INTO works VALUES(27,'Woodwind Quintet No. 2: Three American Perennials',1974,NULL,NULL,1996,14,'2025-02-07 19:13:00.703150','2025-02-07 19:13:00.703150','',0);
INSERT INTO works VALUES(28,'Intrada for recorder quartet, SATB',1974,NULL,NULL,NULL,14,'2025-02-07 19:15:03.014678','2025-02-07 19:15:03.014678','',0);
INSERT INTO works VALUES(29,'Mysticism and the Organized Church',1976,NULL,NULL,NULL,14,'2025-02-07 19:27:04.121242','2025-02-07 19:27:04.121242','',0);
INSERT INTO works VALUES(30,'A Little Breakfast Music',1976,NULL,NULL,NULL,14,'2025-02-07 19:28:28.615831','2025-02-07 19:28:28.615831','',1);
INSERT INTO works VALUES(31,'String Trio No. 1: "A Christmas Rondo"',1976,NULL,NULL,2011,1,'2025-02-07 19:30:28.670564','2025-02-07 19:30:28.670564','',0);
INSERT INTO works VALUES(32,'Street Suite',1976,NULL,NULL,NULL,14,'2025-02-07 19:31:29.071861','2025-02-07 19:31:29.071861','',1);
INSERT INTO works VALUES(33,'Remembrance',1976,NULL,NULL,NULL,1,'2025-02-07 19:33:00.882507','2025-02-07 19:33:00.882507','',0);
INSERT INTO works VALUES(34,'Duo for bassoon and piano',1977,NULL,NULL,NULL,14,'2025-02-07 19:34:05.503736','2025-02-07 19:34:05.503736','',0);
INSERT INTO works VALUES(35,'Picket Fence: Quartet for oboe and strings',1977,NULL,NULL,NULL,14,'2025-02-07 19:35:24.962210','2025-02-07 19:35:24.962210','',1);
INSERT INTO works VALUES(36,'Three Piquant Pieces',1977,'piquant_pieces_I.pdf','piquant_pieces_I.mp3',2001,14,'2025-02-07 22:11:31.122779','2025-02-07 22:11:31.122779','',1);
INSERT INTO works VALUES(37,'Piano Trio #1:  Four Seasons in Bellville',1977,'winter_bellville.pdf','winter_bellville.mp3',NULL,1,'2025-02-07 22:13:44.533032','2025-02-07 22:13:44.533032','',1);
INSERT INTO works VALUES(38,'Schmaltz Waltz for violin and piano',1978,NULL,NULL,NULL,14,'2025-02-07 22:15:06.138198','2025-02-07 22:15:06.138198','',0);
INSERT INTO works VALUES(39,'Woodwind Quartet:  Our Home',1978,'our_home_7.pdf','our_home_7.mp3',NULL,14,'2025-02-07 22:17:45.188891','2025-02-07 22:17:45.188891','',1);
INSERT INTO works VALUES(40,'Serenade for Mary (chamber arrangement)',1978,'overture_mary.pdf','overture_mary.mp3',NULL,14,'2025-02-07 22:22:46.256012','2025-02-07 22:22:46.256012','',1);
INSERT INTO works VALUES(41,'Sir Gawain and the Green Knight',1979,'wisdom_gawain.pdf','wisdom_gawain.mp3',2011,14,'2025-02-07 22:25:47.227976','2025-02-07 22:25:47.227976','',0);
INSERT INTO works VALUES(42,'Pastorale',1979,'pastorale.pdf','pastorale.mp3',NULL,14,'2025-02-07 22:27:30.544132','2025-02-07 22:27:30.544132','',1);
INSERT INTO works VALUES(43,'Karikarl Suite',1979,NULL,NULL,NULL,14,'2025-02-07 22:28:49.987468','2025-02-07 22:28:49.987468','',0);
INSERT INTO works VALUES(44,'The Cliffs Above the Clear Fork',1980,'cliffs.pdf','cliffs.mp3',NULL,14,'2025-02-07 22:31:47.375240','2025-02-07 22:31:47.375240','',1);
INSERT INTO works VALUES(45,'The Cliffs Above the Clear Fork for four cellos',1980,NULL,NULL,1997,14,'2025-02-07 22:32:57.331822','2025-02-07 22:32:57.331822','',0);
INSERT INTO works VALUES(46,'Harvest Hymn and Harvest Dance',1980,'harvest_cather.pdf','harvest_cather.mp3',NULL,14,'2025-02-07 22:36:08.038016','2025-02-07 22:36:08.038016','',1);
INSERT INTO works VALUES(47,'Adagio for cello and piano',1980,NULL,NULL,NULL,14,'2025-02-07 22:38:52.461487','2025-02-07 22:38:52.461487','',0);
INSERT INTO works VALUES(48,'Piano Trio #2: Orientale and Galop',1980,'orientale.pdf','orientale.mp3',NULL,1,'2025-02-07 22:49:10.421057','2025-02-07 22:49:10.421057','',1);
INSERT INTO works VALUES(49,'Daweswood: a Concertino',1980,'daweswood_bud.pdf','daweswood_bud.mp3',NULL,14,'2025-02-07 22:51:53.270794','2025-02-07 22:51:53.270794','',1);
INSERT INTO works VALUES(50,'Piano Trio #3:  A Christmas Divertimento',1983,NULL,NULL,NULL,1,'2025-02-07 22:56:22.994228','2025-02-07 22:56:22.994228','',1);
INSERT INTO works VALUES(51,'Variations on The Boar’s Head Carol',1983,'boars_head.pdf','boars_head.mp3',NULL,1,'2025-02-07 22:59:08.991519','2025-02-07 22:59:08.991519','',0);
INSERT INTO works VALUES(52,'Piano Trio #4',1984,'pnotrio_4_adagio.pdf','pnotrio_4_adagio.mp3',NULL,1,'2025-02-07 23:01:32.168376','2025-02-07 23:01:32.168376','',1);
INSERT INTO works VALUES(53,'Moundbuilders (string quartet version)',1986,NULL,NULL,NULL,3,'2025-02-07 23:04:07.871216','2025-02-07 23:04:07.871216','',0);
INSERT INTO works VALUES(54,'Anecdotes and Reflections',1989,NULL,NULL,NULL,14,'2025-02-07 23:06:23.664593','2025-02-07 23:06:23.664593','',1);
INSERT INTO works VALUES(55,'Spring Fever Suite',1989,'peasant.spring.fever.pdf','peasant.spring.fever.mp3',NULL,12,'2025-02-07 23:08:49.155784','2025-02-07 23:08:49.155784','',1);
INSERT INTO works VALUES(56,'Sonata #1 for Unaccompanied Cello',1989,'cello_sonata_1.pdf','cello_sonata_1.mp3',NULL,5,'2025-02-08 12:01:07.109903','2025-02-08 12:01:07.109903','',0);
INSERT INTO works VALUES(57,'Sonata #2 for Unaccompanied Cello',1989,NULL,NULL,NULL,5,'2025-02-08 12:02:45.938870','2025-02-08 12:02:45.938870','',0);
INSERT INTO works VALUES(58,'Sonata #3 for Unaccompanied Cello',1989,NULL,NULL,NULL,5,'2025-02-08 12:04:20.900101','2025-02-08 12:04:20.900101','',0);
INSERT INTO works VALUES(59,'Suite for Three Violins',1989,NULL,NULL,NULL,1,'2025-02-08 12:05:58.970071','2025-02-08 12:05:58.970071','',0);
INSERT INTO works VALUES(60,'Sonata for Cello and Piano',1990,'cello_sta_3rdmovt.pdf','cello_sta_3rdmovt.mp3',NULL,5,'2025-02-08 12:07:18.209592','2025-02-08 12:08:02.494710','',0);
INSERT INTO works VALUES(61,'Largo Religioso',1990,'largo_religioso_2_cellos.pdf',NULL,NULL,14,'2025-02-08 12:10:24.684206','2025-02-08 12:10:24.684206','',0);
INSERT INTO works VALUES(62,'Sinfonietta',1990,NULL,NULL,NULL,14,'2025-02-08 12:11:32.028381','2025-02-08 12:11:32.028381','',0);
INSERT INTO works VALUES(63,'Sonata for Flute and Harpsichord or piano: Marathon Runner & Icy Waters',1990,'icy_watersi.pdf','icy_watersi.mp3',NULL,5,'2025-02-08 12:14:13.115488','2025-02-08 12:14:13.115488','',1);
INSERT INTO works VALUES(64,'Une Pavane Americaine:  Homage to Ravel',1990,'pavane_amer.pdf','pavane_amer.mp3',NULL,14,'2025-02-08 12:15:44.536780','2025-02-08 12:15:44.536780','',1);
INSERT INTO works VALUES(65,'Fantasia on ‘Shenandoah’ or Four Cellos',1990,NULL,NULL,NULL,14,'2025-02-08 12:18:00.496106','2025-02-08 12:18:00.496106','',1);
INSERT INTO works VALUES(66,'Fantasia on ‘Shenandoah’ for String Quartet',1991,'sowash_fantasia.pdf',NULL,NULL,3,'2025-02-08 12:19:02.981752','2025-02-08 12:19:02.981752','',1);
INSERT INTO works VALUES(67,'Four Places on the Appalachian Trail',1992,NULL,NULL,NULL,12,'2025-02-08 12:21:12.613503','2025-02-08 12:21:12.613503','',1);
INSERT INTO works VALUES(68,'Mt. Airy Suite',1993,'airy_wedding_1.pdf','airy_wedding_1.mp3',2001,12,'2025-02-08 12:24:20.769518','2025-02-08 12:24:20.769518','',1);
INSERT INTO works VALUES(69,'Cape May Suite',1993,NULL,NULL,NULL,12,'2025-02-08 12:26:41.915940','2025-02-08 12:26:41.915940','',1);
INSERT INTO works VALUES(70,'Dinner at Louisa’s',1993,'dinner_louisas.pdf','dinner_louisas.mp3',NULL,14,'2025-02-08 12:28:18.376125','2025-02-08 12:28:18.376125','',0);
INSERT INTO works VALUES(71,'A Brazen Overture',1993,NULL,NULL,NULL,8,'2025-02-08 12:30:35.305892','2025-02-08 12:30:35.305892','',0);
INSERT INTO works VALUES(72,'College Town Diary: 12 Months in Gambier',1993,NULL,NULL,NULL,15,'2025-02-08 12:31:50.090411','2025-02-08 12:31:50.090411','',0);
INSERT INTO works VALUES(73,'Born of the Same Wild Mother:  A Wintry Suite',1993,NULL,NULL,2001,12,'2025-02-08 12:34:14.741165','2025-02-08 12:34:14.741165','',0);
INSERT INTO works VALUES(74,'Trio #1 for violin, A clarinet & piano: “Sunny Days”',1994,'sunny_days_1st_movt.pdf','sunny_days_1st_movt.mp3',1996,1,'2025-02-08 12:37:07.128167','2025-02-08 12:37:07.128167','',1);
INSERT INTO works VALUES(75,'Quintet for A clarinet and string quartet',1995,'cl_quintet_three.pdf','cl_quintet_three.mp3',NULL,14,'2025-02-08 12:39:07.451659','2025-02-08 12:39:07.451659','',1);
INSERT INTO works VALUES(76,'The Unicorn & the Phoenix',1995,NULL,NULL,NULL,14,'2025-02-08 12:41:25.595344','2025-02-08 12:41:25.595344','',1);
INSERT INTO works VALUES(77,'Salmagundi: A Sowash Sampler',1995,NULL,'salmagundi.mp3',NULL,14,'2025-02-08 12:42:52.090119','2025-02-08 12:42:52.090119','',1);
INSERT INTO works VALUES(78,'Trio #1 for Bb clarinet, cello and piano: “Voyage of the Spirit”',1998,NULL,NULL,NULL,1,'2025-02-08 12:45:41.895451','2025-02-08 12:45:41.895451','',1);
INSERT INTO works VALUES(79,'Convivial Suite',1999,'convivial_march.pdf','convivial_march.mp3',NULL,12,'2025-02-08 12:47:36.064853','2025-02-08 12:47:36.064853','',1);
INSERT INTO works VALUES(80,'Serpent Mound',1999,'serpent.mound.pdf',NULL,NULL,15,'2025-02-08 12:50:07.441779','2025-02-08 12:50:07.441779','',0);
INSERT INTO works VALUES(81,'Trio con Brio',1999,'brio_lullaby.pdf','brio_lullaby.mp3',NULL,1,'2025-02-08 12:52:53.853720','2025-02-08 12:52:53.853720','',1);
INSERT INTO works VALUES(82,'Lincolnesque',1999,'lincolnesque.pdf','lincolnesque.mp3',NULL,14,'2025-02-08 12:55:28.331034','2025-02-08 12:55:28.331034','',0);
INSERT INTO works VALUES(83,'A Hero’s Prayer (or “Bible Story”)',2000,'heros_prayer.pdf','heros_prayer.mp3',NULL,14,'2025-02-08 12:56:46.321981','2025-02-08 12:56:46.321981','',1);
INSERT INTO works VALUES(84,'Eroica: Piano Trio #5',2000,'presto_eroica.pdf','presto_eroica.mp3',NULL,1,'2025-02-08 12:59:05.469442','2025-02-08 12:59:05.469442','',1);
CREATE TABLE IF NOT EXISTS "parts" ("id" integer PRIMARY KEY AUTOINCREMENT NOT NULL, "work_id" integer DEFAULT NULL, "instrument_id" integer DEFAULT NULL, "quantity" integer DEFAULT NULL, "created_at" datetime(6) NOT NULL, "updated_at" datetime(6) NOT NULL, CONSTRAINT "fk_rails_882d2f82fc"
FOREIGN KEY ("work_id")
  REFERENCES "works" ("id")
, CONSTRAINT "fk_rails_f07f39fce3"
FOREIGN KEY ("instrument_id")
  REFERENCES "instruments" ("id")
);
INSERT INTO parts VALUES(1,1,4,2,'2025-02-07 18:08:23.425116','2025-02-07 18:08:23.425116');
INSERT INTO parts VALUES(2,1,5,1,'2025-02-07 18:08:23.426943','2025-02-07 18:08:23.426943');
INSERT INTO parts VALUES(3,1,29,1,'2025-02-07 18:08:23.428631','2025-02-07 18:08:23.428631');
INSERT INTO parts VALUES(4,2,32,1,'2025-02-07 18:10:04.123768','2025-02-07 18:10:04.123768');
INSERT INTO parts VALUES(5,3,32,1,'2025-02-07 18:10:56.329532','2025-02-07 18:10:56.329532');
INSERT INTO parts VALUES(6,4,29,1,'2025-02-07 18:12:01.228306','2025-02-07 18:12:01.228306');
INSERT INTO parts VALUES(7,5,16,1,'2025-02-07 18:13:55.690664','2025-02-07 18:13:55.690664');
INSERT INTO parts VALUES(8,5,32,1,'2025-02-07 18:13:55.692150','2025-02-07 18:13:55.692150');
INSERT INTO parts VALUES(9,6,29,1,'2025-02-07 18:17:25.267233','2025-02-07 18:17:25.267233');
INSERT INTO parts VALUES(10,7,31,1,'2025-02-07 18:21:59.490967','2025-02-07 18:21:59.490967');
INSERT INTO parts VALUES(11,8,6,1,'2025-02-07 18:23:38.036061','2025-02-07 18:23:38.036061');
INSERT INTO parts VALUES(12,8,32,1,'2025-02-07 18:23:38.037623','2025-02-07 18:23:38.037623');
INSERT INTO parts VALUES(13,9,40,1,'2025-02-07 18:25:32.925562','2025-02-07 18:25:32.925562');
INSERT INTO parts VALUES(14,9,29,1,'2025-02-07 18:25:32.927116','2025-02-07 18:25:32.927116');
INSERT INTO parts VALUES(15,10,16,1,'2025-02-07 18:28:09.761676','2025-02-07 18:28:09.761676');
INSERT INTO parts VALUES(16,10,29,1,'2025-02-07 18:28:09.763287','2025-02-07 18:28:09.763287');
INSERT INTO parts VALUES(17,10,6,1,'2025-02-07 18:28:09.764868','2025-02-07 18:28:09.764868');
INSERT INTO parts VALUES(18,11,6,1,'2025-02-07 18:31:04.280709','2025-02-07 18:31:04.280709');
INSERT INTO parts VALUES(19,11,32,1,'2025-02-07 18:31:04.282359','2025-02-07 18:31:04.282359');
INSERT INTO parts VALUES(20,12,32,1,'2025-02-07 18:32:48.860992','2025-02-07 18:32:48.860992');
INSERT INTO parts VALUES(21,13,2,1,'2025-02-07 18:35:44.187391','2025-02-07 18:35:44.187391');
INSERT INTO parts VALUES(22,13,4,1,'2025-02-07 18:35:44.188871','2025-02-07 18:35:44.188871');
INSERT INTO parts VALUES(23,13,9,1,'2025-02-07 18:35:44.190463','2025-02-07 18:35:44.190463');
INSERT INTO parts VALUES(24,13,14,1,'2025-02-07 18:35:44.192002','2025-02-07 18:35:44.192002');
INSERT INTO parts VALUES(25,13,15,1,'2025-02-07 18:35:44.193625','2025-02-07 18:35:44.193625');
INSERT INTO parts VALUES(26,13,16,1,'2025-02-07 18:35:44.195344','2025-02-07 18:35:44.195344');
INSERT INTO parts VALUES(27,14,22,1,'2025-02-07 18:50:58.577241','2025-02-07 18:50:58.577241');
INSERT INTO parts VALUES(28,14,23,1,'2025-02-07 18:50:58.578985','2025-02-07 18:50:58.578985');
INSERT INTO parts VALUES(29,14,30,1,'2025-02-07 18:50:58.580804','2025-02-07 18:50:58.580804');
INSERT INTO parts VALUES(30,14,24,2,'2025-02-07 18:50:58.582675','2025-02-07 18:50:58.582675');
INSERT INTO parts VALUES(31,15,22,1,'2025-02-07 18:53:56.567774','2025-02-07 18:53:56.567774');
INSERT INTO parts VALUES(32,15,23,1,'2025-02-07 18:53:56.569370','2025-02-07 18:53:56.569370');
INSERT INTO parts VALUES(33,15,24,1,'2025-02-07 18:53:56.570987','2025-02-07 18:53:56.570987');
INSERT INTO parts VALUES(34,15,14,1,'2025-02-07 18:53:56.572523','2025-02-07 18:53:56.572523');
INSERT INTO parts VALUES(35,15,16,1,'2025-02-07 18:53:56.574292','2025-02-07 18:53:56.574292');
INSERT INTO parts VALUES(36,16,22,1,'2025-02-07 18:55:46.263626','2025-02-07 18:55:46.263626');
INSERT INTO parts VALUES(37,16,23,1,'2025-02-07 18:55:46.265211','2025-02-07 18:55:46.265211');
INSERT INTO parts VALUES(38,16,30,1,'2025-02-07 18:55:46.266799','2025-02-07 18:55:46.266799');
INSERT INTO parts VALUES(39,16,14,1,'2025-02-07 18:55:46.268389','2025-02-07 18:55:46.268389');
INSERT INTO parts VALUES(40,16,16,1,'2025-02-07 18:55:46.270003','2025-02-07 18:55:46.270003');
INSERT INTO parts VALUES(41,16,24,1,'2025-02-07 18:55:46.271573','2025-02-07 18:55:46.271573');
INSERT INTO parts VALUES(42,17,6,1,'2025-02-07 18:57:58.200274','2025-02-07 18:57:58.200274');
INSERT INTO parts VALUES(43,17,24,1,'2025-02-07 18:57:58.201822','2025-02-07 18:57:58.201822');
INSERT INTO parts VALUES(44,18,30,1,'2025-02-07 18:58:47.403088','2025-02-07 18:58:47.403088');
INSERT INTO parts VALUES(45,19,30,1,'2025-02-07 18:59:41.366162','2025-02-07 18:59:41.366162');
INSERT INTO parts VALUES(46,20,4,1,'2025-02-07 19:01:05.916463','2025-02-07 19:01:05.916463');
INSERT INTO parts VALUES(47,20,15,1,'2025-02-07 19:01:05.917989','2025-02-07 19:01:05.917989');
INSERT INTO parts VALUES(48,20,16,1,'2025-02-07 19:01:05.919509','2025-02-07 19:01:05.919509');
INSERT INTO parts VALUES(49,21,24,1,'2025-02-07 19:03:14.784277','2025-02-07 19:03:14.784277');
INSERT INTO parts VALUES(50,22,1,1,'2025-02-07 19:06:15.383169','2025-02-07 19:06:15.383169');
INSERT INTO parts VALUES(51,22,6,1,'2025-02-07 19:06:15.384725','2025-02-07 19:06:15.384725');
INSERT INTO parts VALUES(52,22,7,1,'2025-02-07 19:06:15.386263','2025-02-07 19:06:15.386263');
INSERT INTO parts VALUES(53,22,9,1,'2025-02-07 19:06:15.387825','2025-02-07 19:06:15.387825');
INSERT INTO parts VALUES(54,22,28,1,'2025-02-07 19:06:15.389499','2025-02-07 19:06:15.389499');
INSERT INTO parts VALUES(55,23,14,1,'2025-02-07 19:07:14.442932','2025-02-07 19:07:14.442932');
INSERT INTO parts VALUES(56,23,24,1,'2025-02-07 19:07:14.444548','2025-02-07 19:07:14.444548');
INSERT INTO parts VALUES(57,24,14,1,'2025-02-07 19:08:24.547894','2025-02-07 19:08:24.547894');
INSERT INTO parts VALUES(58,24,24,1,'2025-02-07 19:08:24.549550','2025-02-07 19:08:24.549550');
INSERT INTO parts VALUES(59,25,4,1,'2025-02-07 19:09:36.148919','2025-02-07 19:09:36.148919');
INSERT INTO parts VALUES(60,25,24,1,'2025-02-07 19:09:36.150506','2025-02-07 19:09:36.150506');
INSERT INTO parts VALUES(61,26,26,1,'2025-02-07 19:11:04.004078','2025-02-07 19:11:04.004078');
INSERT INTO parts VALUES(62,27,26,1,'2025-02-07 19:13:00.704867','2025-02-07 19:13:00.704867');
INSERT INTO parts VALUES(63,28,26,1,'2025-02-07 19:15:03.016423','2025-02-07 19:15:03.016423');
INSERT INTO parts VALUES(64,29,2,1,'2025-02-07 19:27:04.122986','2025-02-07 19:27:04.122986');
INSERT INTO parts VALUES(65,29,24,1,'2025-02-07 19:27:04.124574','2025-02-07 19:27:04.124574');
INSERT INTO parts VALUES(66,30,14,2,'2025-02-07 19:28:28.617514','2025-02-07 19:28:28.617514');
INSERT INTO parts VALUES(67,30,4,1,'2025-02-07 19:28:28.619065','2025-02-07 19:28:28.619065');
INSERT INTO parts VALUES(68,30,6,1,'2025-02-07 19:28:28.620647','2025-02-07 19:28:28.620647');
INSERT INTO parts VALUES(69,31,14,1,'2025-02-07 19:30:28.674776','2025-02-07 19:30:28.674776');
INSERT INTO parts VALUES(70,31,15,1,'2025-02-07 19:30:28.679211','2025-02-07 19:30:28.679211');
INSERT INTO parts VALUES(71,31,16,1,'2025-02-07 19:30:28.686079','2025-02-07 19:30:28.686079');
INSERT INTO parts VALUES(72,32,14,1,'2025-02-07 19:31:29.073733','2025-02-07 19:31:29.073733');
INSERT INTO parts VALUES(73,32,6,1,'2025-02-07 19:31:29.075406','2025-02-07 19:31:29.075406');
INSERT INTO parts VALUES(74,33,14,1,'2025-02-07 19:33:00.884169','2025-02-07 19:33:00.884169');
INSERT INTO parts VALUES(75,33,4,1,'2025-02-07 19:33:00.885763','2025-02-07 19:33:00.885763');
INSERT INTO parts VALUES(76,33,24,1,'2025-02-07 19:33:00.887282','2025-02-07 19:33:00.887282');
INSERT INTO parts VALUES(77,34,7,1,'2025-02-07 19:34:05.505392','2025-02-07 19:34:05.505392');
INSERT INTO parts VALUES(78,34,24,1,'2025-02-07 19:34:05.506909','2025-02-07 19:34:05.506909');
INSERT INTO parts VALUES(79,35,4,1,'2025-02-07 19:35:24.963953','2025-02-07 19:35:24.963953');
INSERT INTO parts VALUES(80,35,29,1,'2025-02-07 19:35:24.965608','2025-02-07 19:35:24.965608');
INSERT INTO parts VALUES(81,36,4,1,'2025-02-07 22:11:31.125241','2025-02-07 22:11:31.125241');
INSERT INTO parts VALUES(82,36,29,1,'2025-02-07 22:11:31.126988','2025-02-07 22:11:31.126988');
INSERT INTO parts VALUES(83,37,24,1,'2025-02-07 22:13:44.534763','2025-02-07 22:13:44.534763');
INSERT INTO parts VALUES(84,37,14,1,'2025-02-07 22:13:44.536356','2025-02-07 22:13:44.536356');
INSERT INTO parts VALUES(85,37,16,1,'2025-02-07 22:13:44.537886','2025-02-07 22:13:44.537886');
INSERT INTO parts VALUES(86,38,14,1,'2025-02-07 22:15:06.139977','2025-02-07 22:15:06.139977');
INSERT INTO parts VALUES(87,38,24,1,'2025-02-07 22:15:06.141612','2025-02-07 22:15:06.141612');
INSERT INTO parts VALUES(88,39,26,1,'2025-02-07 22:17:45.190805','2025-02-07 22:17:45.190805');
INSERT INTO parts VALUES(89,40,2,1,'2025-02-07 22:22:46.257691','2025-02-07 22:22:46.257691');
INSERT INTO parts VALUES(90,40,6,1,'2025-02-07 22:22:46.259205','2025-02-07 22:22:46.259205');
INSERT INTO parts VALUES(91,40,30,1,'2025-02-07 22:22:46.261047','2025-02-07 22:22:46.261047');
INSERT INTO parts VALUES(92,41,14,1,'2025-02-07 22:25:47.229654','2025-02-07 22:25:47.229654');
INSERT INTO parts VALUES(93,41,9,1,'2025-02-07 22:25:47.231125','2025-02-07 22:25:47.231125');
INSERT INTO parts VALUES(94,41,16,1,'2025-02-07 22:25:47.233244','2025-02-07 22:25:47.233244');
INSERT INTO parts VALUES(95,41,24,1,'2025-02-07 22:25:47.234831','2025-02-07 22:25:47.234831');
INSERT INTO parts VALUES(96,42,2,1,'2025-02-07 22:27:30.546045','2025-02-07 22:27:30.546045');
INSERT INTO parts VALUES(97,42,28,1,'2025-02-07 22:27:30.547633','2025-02-07 22:27:30.547633');
INSERT INTO parts VALUES(98,43,15,1,'2025-02-07 22:28:49.989176','2025-02-07 22:28:49.989176');
INSERT INTO parts VALUES(99,43,16,1,'2025-02-07 22:28:49.990782','2025-02-07 22:28:49.990782');
INSERT INTO parts VALUES(100,44,16,1,'2025-02-07 22:31:47.376912','2025-02-07 22:31:47.376912');
INSERT INTO parts VALUES(101,44,24,1,'2025-02-07 22:31:47.378456','2025-02-07 22:31:47.378456');
INSERT INTO parts VALUES(102,45,16,4,'2025-02-07 22:32:57.333601','2025-02-07 22:32:57.333601');
INSERT INTO parts VALUES(103,46,16,1,'2025-02-07 22:36:08.039844','2025-02-07 22:36:08.039844');
INSERT INTO parts VALUES(104,46,24,1,'2025-02-07 22:36:08.041366','2025-02-07 22:36:08.041366');
INSERT INTO parts VALUES(105,47,16,1,'2025-02-07 22:38:52.463651','2025-02-07 22:38:52.463651');
INSERT INTO parts VALUES(106,47,24,1,'2025-02-07 22:38:52.465074','2025-02-07 22:38:52.465074');
INSERT INTO parts VALUES(107,48,24,1,'2025-02-07 22:49:10.422893','2025-02-07 22:49:10.422893');
INSERT INTO parts VALUES(108,48,14,1,'2025-02-07 22:49:10.424445','2025-02-07 22:49:10.424445');
INSERT INTO parts VALUES(109,48,16,1,'2025-02-07 22:49:10.426179','2025-02-07 22:49:10.426179');
INSERT INTO parts VALUES(110,49,14,1,'2025-02-07 22:51:53.272585','2025-02-07 22:51:53.272585');
INSERT INTO parts VALUES(111,49,6,1,'2025-02-07 22:51:53.274125','2025-02-07 22:51:53.274125');
INSERT INTO parts VALUES(112,49,16,1,'2025-02-07 22:51:53.275670','2025-02-07 22:51:53.275670');
INSERT INTO parts VALUES(113,49,24,1,'2025-02-07 22:51:53.277281','2025-02-07 22:51:53.277281');
INSERT INTO parts VALUES(114,50,14,1,'2025-02-07 22:56:22.995968','2025-02-07 22:56:22.995968');
INSERT INTO parts VALUES(115,50,16,1,'2025-02-07 22:56:22.998744','2025-02-07 22:56:22.998744');
INSERT INTO parts VALUES(116,50,24,1,'2025-02-07 22:56:23.000206','2025-02-07 22:56:23.000206');
INSERT INTO parts VALUES(117,51,14,1,'2025-02-07 22:59:08.993215','2025-02-07 22:59:08.993215');
INSERT INTO parts VALUES(118,51,16,1,'2025-02-07 22:59:08.994762','2025-02-07 22:59:08.994762');
INSERT INTO parts VALUES(119,51,24,1,'2025-02-07 22:59:08.996300','2025-02-07 22:59:08.996300');
INSERT INTO parts VALUES(120,52,14,1,'2025-02-07 23:01:32.170047','2025-02-07 23:01:32.170047');
INSERT INTO parts VALUES(121,52,16,1,'2025-02-07 23:01:32.171708','2025-02-07 23:01:32.171708');
INSERT INTO parts VALUES(122,52,24,1,'2025-02-07 23:01:32.173279','2025-02-07 23:01:32.173279');
INSERT INTO parts VALUES(123,53,30,1,'2025-02-07 23:04:07.872925','2025-02-07 23:04:07.872925');
INSERT INTO parts VALUES(124,54,14,1,'2025-02-07 23:06:23.666276','2025-02-07 23:06:23.666276');
INSERT INTO parts VALUES(125,54,6,1,'2025-02-07 23:06:23.667864','2025-02-07 23:06:23.667864');
INSERT INTO parts VALUES(126,54,16,1,'2025-02-07 23:06:23.669457','2025-02-07 23:06:23.669457');
INSERT INTO parts VALUES(127,54,24,1,'2025-02-07 23:06:23.671020','2025-02-07 23:06:23.671020');
INSERT INTO parts VALUES(128,55,16,2,'2025-02-07 23:08:49.158175','2025-02-07 23:08:49.158175');
INSERT INTO parts VALUES(129,56,16,1,'2025-02-08 12:01:07.112346','2025-02-08 12:01:07.112346');
INSERT INTO parts VALUES(130,57,16,1,'2025-02-08 12:02:45.940644','2025-02-08 12:02:45.940644');
INSERT INTO parts VALUES(131,58,16,1,'2025-02-08 12:04:20.901878','2025-02-08 12:04:20.901878');
INSERT INTO parts VALUES(132,59,14,3,'2025-02-08 12:05:58.971790','2025-02-08 12:05:58.971790');
INSERT INTO parts VALUES(133,60,16,1,'2025-02-08 12:07:18.211372','2025-02-08 12:07:18.211372');
INSERT INTO parts VALUES(134,60,24,1,'2025-02-08 12:07:18.212948','2025-02-08 12:07:18.212948');
INSERT INTO parts VALUES(135,61,16,2,'2025-02-08 12:10:24.685976','2025-02-08 12:10:24.685976');
INSERT INTO parts VALUES(136,62,14,4,'2025-02-08 12:11:32.030021','2025-02-08 12:11:32.030021');
INSERT INTO parts VALUES(137,63,2,1,'2025-02-08 12:14:13.117162','2025-02-08 12:14:13.117162');
INSERT INTO parts VALUES(138,63,25,1,'2025-02-08 12:14:13.118716','2025-02-08 12:14:13.118716');
INSERT INTO parts VALUES(139,64,2,1,'2025-02-08 12:15:44.538605','2025-02-08 12:15:44.538605');
INSERT INTO parts VALUES(140,64,24,1,'2025-02-08 12:15:44.540216','2025-02-08 12:15:44.540216');
INSERT INTO parts VALUES(141,65,16,4,'2025-02-08 12:18:00.497859','2025-02-08 12:18:00.497859');
INSERT INTO parts VALUES(142,66,30,1,'2025-02-08 12:19:02.983402','2025-02-08 12:19:02.983402');
INSERT INTO parts VALUES(143,67,10,1,'2025-02-08 12:21:12.615142','2025-02-08 12:21:12.615142');
INSERT INTO parts VALUES(144,67,14,1,'2025-02-08 12:21:12.616683','2025-02-08 12:21:12.616683');
INSERT INTO parts VALUES(145,67,16,1,'2025-02-08 12:21:12.619126','2025-02-08 12:21:12.619126');
INSERT INTO parts VALUES(146,67,24,1,'2025-02-08 12:21:12.620755','2025-02-08 12:21:12.620755');
INSERT INTO parts VALUES(147,68,2,1,'2025-02-08 12:24:20.771148','2025-02-08 12:24:20.771148');
INSERT INTO parts VALUES(148,68,14,1,'2025-02-08 12:24:20.772705','2025-02-08 12:24:20.772705');
INSERT INTO parts VALUES(149,68,16,1,'2025-02-08 12:24:20.774282','2025-02-08 12:24:20.774282');
INSERT INTO parts VALUES(150,69,4,1,'2025-02-08 12:26:41.917682','2025-02-08 12:26:41.917682');
INSERT INTO parts VALUES(151,69,14,1,'2025-02-08 12:26:41.919292','2025-02-08 12:26:41.919292');
INSERT INTO parts VALUES(152,69,16,1,'2025-02-08 12:26:41.920891','2025-02-08 12:26:41.920891');
INSERT INTO parts VALUES(153,69,24,1,'2025-02-08 12:26:41.922424','2025-02-08 12:26:41.922424');
INSERT INTO parts VALUES(154,70,16,1,'2025-02-08 12:28:18.377838','2025-02-08 12:28:18.377838');
INSERT INTO parts VALUES(155,70,24,1,'2025-02-08 12:28:18.379275','2025-02-08 12:28:18.379275');
INSERT INTO parts VALUES(156,71,2,1,'2025-02-08 12:30:35.307625','2025-02-08 12:30:35.307625');
INSERT INTO parts VALUES(157,71,4,1,'2025-02-08 12:30:35.309197','2025-02-08 12:30:35.309197');
INSERT INTO parts VALUES(158,71,14,1,'2025-02-08 12:30:35.310756','2025-02-08 12:30:35.310756');
INSERT INTO parts VALUES(159,71,16,1,'2025-02-08 12:30:35.312332','2025-02-08 12:30:35.312332');
INSERT INTO parts VALUES(160,72,6,1,'2025-02-08 12:31:50.092121','2025-02-08 12:31:50.092121');
INSERT INTO parts VALUES(161,73,6,1,'2025-02-08 12:34:14.742887','2025-02-08 12:34:14.742887');
INSERT INTO parts VALUES(162,73,16,1,'2025-02-08 12:34:14.744579','2025-02-08 12:34:14.744579');
INSERT INTO parts VALUES(163,74,14,1,'2025-02-08 12:37:07.129823','2025-02-08 12:37:07.129823');
INSERT INTO parts VALUES(164,74,6,1,'2025-02-08 12:37:07.131395','2025-02-08 12:37:07.131395');
INSERT INTO parts VALUES(165,74,24,1,'2025-02-08 12:37:07.132894','2025-02-08 12:37:07.132894');
INSERT INTO parts VALUES(166,75,6,1,'2025-02-08 12:39:07.453353','2025-02-08 12:39:07.453353');
INSERT INTO parts VALUES(167,75,30,1,'2025-02-08 12:39:07.454869','2025-02-08 12:39:07.454869');
INSERT INTO parts VALUES(168,76,4,1,'2025-02-08 12:41:25.597021','2025-02-08 12:41:25.597021');
INSERT INTO parts VALUES(169,76,6,1,'2025-02-08 12:41:25.599305','2025-02-08 12:41:25.599305');
INSERT INTO parts VALUES(170,76,7,1,'2025-02-08 12:41:25.600897','2025-02-08 12:41:25.600897');
INSERT INTO parts VALUES(171,76,24,1,'2025-02-08 12:41:25.602427','2025-02-08 12:41:25.602427');
INSERT INTO parts VALUES(172,77,4,1,'2025-02-08 12:42:52.091861','2025-02-08 12:42:52.091861');
INSERT INTO parts VALUES(173,77,15,1,'2025-02-08 12:42:52.093472','2025-02-08 12:42:52.093472');
INSERT INTO parts VALUES(174,78,6,1,'2025-02-08 12:45:41.897097','2025-02-08 12:45:41.897097');
INSERT INTO parts VALUES(175,78,16,1,'2025-02-08 12:45:41.898645','2025-02-08 12:45:41.898645');
INSERT INTO parts VALUES(176,78,24,1,'2025-02-08 12:45:41.900135','2025-02-08 12:45:41.900135');
INSERT INTO parts VALUES(177,79,14,1,'2025-02-08 12:47:36.066731','2025-02-08 12:47:36.066731');
INSERT INTO parts VALUES(178,79,16,1,'2025-02-08 12:47:36.068457','2025-02-08 12:47:36.068457');
INSERT INTO parts VALUES(179,80,16,1,'2025-02-08 12:50:07.443410','2025-02-08 12:50:07.443410');
INSERT INTO parts VALUES(180,81,14,1,'2025-02-08 12:52:53.855458','2025-02-08 12:52:53.855458');
INSERT INTO parts VALUES(181,81,6,1,'2025-02-08 12:52:53.857035','2025-02-08 12:52:53.857035');
INSERT INTO parts VALUES(182,81,16,1,'2025-02-08 12:52:53.858693','2025-02-08 12:52:53.858693');
INSERT INTO parts VALUES(183,82,6,1,'2025-02-08 12:55:28.332736','2025-02-08 12:55:28.332736');
INSERT INTO parts VALUES(184,82,24,1,'2025-02-08 12:55:28.334327','2025-02-08 12:55:28.334327');
INSERT INTO parts VALUES(185,83,13,1,'2025-02-08 12:56:46.323754','2025-02-08 12:56:46.323754');
INSERT INTO parts VALUES(186,83,24,1,'2025-02-08 12:56:46.325443','2025-02-08 12:56:46.325443');
INSERT INTO parts VALUES(187,84,14,1,'2025-02-08 12:59:05.471150','2025-02-08 12:59:05.471150');
INSERT INTO parts VALUES(188,84,16,1,'2025-02-08 12:59:05.472753','2025-02-08 12:59:05.472753');
INSERT INTO parts VALUES(189,84,24,1,'2025-02-08 12:59:05.474526','2025-02-08 12:59:05.474526');
CREATE TABLE IF NOT EXISTS "instruments" ("id" integer PRIMARY KEY AUTOINCREMENT NOT NULL, "name" varchar DEFAULT NULL, "rank" integer DEFAULT NULL, "family" varchar DEFAULT NULL, "created_at" datetime(6) NOT NULL, "updated_at" datetime(6) NOT NULL);
INSERT INTO instruments VALUES(1,'piccolo',200,'woodwind','2025-02-07 18:06:36.305909','2025-02-07 18:06:36.305909');
INSERT INTO instruments VALUES(2,'flute',210,'woodwind','2025-02-07 18:06:36.312365','2025-02-07 18:06:36.312365');
INSERT INTO instruments VALUES(3,'recorder',225,'woodwind','2025-02-07 18:06:36.333792','2025-02-07 18:06:36.333792');
INSERT INTO instruments VALUES(4,'oboe',250,'woodwind','2025-02-07 18:06:36.339882','2025-02-07 18:06:36.339882');
INSERT INTO instruments VALUES(5,'English horn',275,'woodwind','2025-02-07 18:06:36.346901','2025-02-07 18:06:36.346901');
INSERT INTO instruments VALUES(6,'clarinet',280,'woodwind','2025-02-07 18:06:36.354502','2025-02-07 18:06:36.354502');
INSERT INTO instruments VALUES(7,'bassoon',300,'woodwind','2025-02-07 18:06:36.360649','2025-02-07 18:06:36.360649');
INSERT INTO instruments VALUES(8,'contrabassoon',310,'woodwind','2025-02-07 18:06:36.375223','2025-02-07 18:06:36.375223');
INSERT INTO instruments VALUES(9,'trumpet',410,'brass','2025-02-07 18:06:36.381473','2025-02-07 18:06:36.381473');
INSERT INTO instruments VALUES(10,'horn',415,'brass','2025-02-07 18:06:36.388482','2025-02-07 18:06:36.388482');
INSERT INTO instruments VALUES(11,'flugelhorn',417,'brass','2025-02-07 18:06:36.395543','2025-02-07 18:06:36.395543');
INSERT INTO instruments VALUES(12,'trombone',420,'brass','2025-02-07 18:06:36.401488','2025-02-07 18:06:36.401488');
INSERT INTO instruments VALUES(13,'tuba',440,'brass','2025-02-07 18:06:36.411116','2025-02-07 18:06:36.411116');
INSERT INTO instruments VALUES(14,'violin',475,'strings','2025-02-07 18:06:36.416981','2025-02-07 18:06:36.416981');
INSERT INTO instruments VALUES(15,'viola',480,'strings','2025-02-07 18:06:36.423926','2025-02-07 18:06:36.423926');
INSERT INTO instruments VALUES(16,'cello',490,'strings','2025-02-07 18:06:36.430831','2025-02-07 18:06:36.430831');
INSERT INTO instruments VALUES(17,'double bass',500,'strings','2025-02-07 18:06:36.436748','2025-02-07 18:06:36.436748');
INSERT INTO instruments VALUES(18,'soprano',10,'vocal','2025-02-07 18:06:36.444879','2025-02-07 18:06:36.444879');
INSERT INTO instruments VALUES(19,'mezzo-soprano',14,'vocal','2025-02-07 18:06:36.450830','2025-02-07 18:06:36.450830');
INSERT INTO instruments VALUES(20,'alto',20,'vocal','2025-02-07 18:06:36.457692','2025-02-07 18:06:36.457692');
INSERT INTO instruments VALUES(21,'tenor',30,'vocal','2025-02-07 18:06:36.464453','2025-02-07 18:06:36.464453');
INSERT INTO instruments VALUES(22,'baritone',32,'vocal','2025-02-07 18:06:36.470373','2025-02-07 18:06:36.470373');
INSERT INTO instruments VALUES(23,'bass',35,'vocal','2025-02-07 18:06:36.476410','2025-02-07 18:06:36.476410');
INSERT INTO instruments VALUES(24,'piano',510,'keyboard','2025-02-07 18:06:36.483998','2025-02-07 18:06:36.483998');
INSERT INTO instruments VALUES(25,'harpsichord',515,'keyboard','2025-02-07 18:06:36.490491','2025-02-07 18:06:36.490491');
INSERT INTO instruments VALUES(26,'woodwind ensemble',520,'instrumental ensemble','2025-02-07 18:06:36.496350','2025-02-07 18:06:36.496350');
INSERT INTO instruments VALUES(27,'brass quintet',525,'instrumental ensemble','2025-02-07 18:06:36.503185','2025-02-07 18:06:36.503185');
INSERT INTO instruments VALUES(28,'string trio',550,'instrumental ensemble','2025-02-07 18:06:36.509221','2025-02-07 18:06:36.509221');
INSERT INTO instruments VALUES(29,'string ensemble',555,'instrumental ensemble','2025-02-07 18:06:36.517071','2025-02-07 18:06:36.517071');
INSERT INTO instruments VALUES(30,'string quartet',560,'instrumental ensemble','2025-02-07 18:06:36.524015','2025-02-07 18:06:36.524015');
INSERT INTO instruments VALUES(31,'chamber orchestra',570,'instrumental ensemble','2025-02-07 18:06:36.529929','2025-02-07 18:06:36.529929');
INSERT INTO instruments VALUES(32,'orchestra',580,'instrumental ensemble','2025-02-07 18:06:36.536832','2025-02-07 18:06:36.536832');
INSERT INTO instruments VALUES(33,'SATB choir',40,'vocal ensemble','2025-02-07 18:06:36.542834','2025-02-07 18:06:36.542834');
INSERT INTO instruments VALUES(34,'SSATB choir',41,'vocal ensemble','2025-02-07 18:06:36.550778','2025-02-07 18:06:36.550778');
INSERT INTO instruments VALUES(35,'STB choir',42,'vocal ensemble','2025-02-07 18:06:36.557596','2025-02-07 18:06:36.557596');
INSERT INTO instruments VALUES(36,'SAB choir',44,'vocal ensemble','2025-02-07 18:06:36.563604','2025-02-07 18:06:36.563604');
INSERT INTO instruments VALUES(37,'SSAA choir',45,'vocal ensemble','2025-02-07 18:06:36.570535','2025-02-07 18:06:36.570535');
INSERT INTO instruments VALUES(38,'TTBB choir',50,'vocal ensemble','2025-02-07 18:06:36.576481','2025-02-07 18:06:36.576481');
INSERT INTO instruments VALUES(39,'mixed voice choir',51,'vocal ensemble','2025-02-07 18:06:36.584302','2025-02-07 18:06:36.584302');
INSERT INTO instruments VALUES(40,'harp',210,'strings','2025-02-07 18:24:07.421231','2025-02-07 18:24:07.421231');
CREATE TABLE IF NOT EXISTS "liner_notes" ("id" integer PRIMARY KEY AUTOINCREMENT NOT NULL, "note" text, "work_id" integer);
INSERT INTO liner_notes VALUES(1,'The oboe part has also been arranged for violin.',20);
INSERT INTO liner_notes VALUES(2,'Folk-Dance, Sea Chantey & Ragtime.',27);
INSERT INTO liner_notes VALUES(3,'Three movements.',56);
INSERT INTO liner_notes VALUES(4,'Two movements.',57);
INSERT INTO liner_notes VALUES(5,'Four movements.',58);
INSERT INTO liner_notes VALUES(6,'Five movements.',59);
INSERT INTO liner_notes VALUES(7,'Three movements.',62);
INSERT INTO liner_notes VALUES(8,'Two movements.',63);
INSERT INTO liner_notes VALUES(9,'Four movements. The flute part has also been adapted for oboe.',68);
INSERT INTO liner_notes VALUES(10,'Twelve movements.',72);
INSERT INTO liner_notes VALUES(11,'Five movements.',73);
INSERT INTO liner_notes VALUES(12,'Four movements.',74);
INSERT INTO liner_notes VALUES(13,'Four movements.',75);
INSERT INTO liner_notes VALUES(14,'Five movements.',77);
INSERT INTO liner_notes VALUES(15,'Four movements.',78);
INSERT INTO liner_notes VALUES(16,'Six movements.',79);
INSERT INTO liner_notes VALUES(17,'Has also been adapted for bassoon.',80);
INSERT INTO liner_notes VALUES(18,'Five movements.',81);
DELETE FROM sqlite_sequence;
INSERT INTO sqlite_sequence VALUES('works',84);
INSERT INTO sqlite_sequence VALUES('parts',189);
INSERT INTO sqlite_sequence VALUES('instruments',40);
INSERT INTO sqlite_sequence VALUES('genres',15);
INSERT INTO sqlite_sequence VALUES('liner_notes',18);
CREATE INDEX "index_parts_on_work_id" ON "parts" ("work_id");
CREATE INDEX "index_parts_on_instrument_id" ON "parts" ("instrument_id");
CREATE INDEX "index_instruments_on_rank" ON "instruments" ("rank");
CREATE UNIQUE INDEX "index_works_on_title" ON "works" ("title");
CREATE INDEX "index_liner_notes_on_work_id" ON "liner_notes" ("work_id");
COMMIT;
