PRAGMA foreign_keys=OFF;
BEGIN TRANSACTION;
CREATE TABLE IF NOT EXISTS "schema_migrations" ("version" varchar NOT NULL PRIMARY KEY);
INSERT INTO schema_migrations VALUES('20250127202117');
INSERT INTO schema_migrations VALUES('20250127202643');
INSERT INTO schema_migrations VALUES('20250128145334');
INSERT INTO schema_migrations VALUES('20250128145506');
INSERT INTO schema_migrations VALUES('20250128163317');
INSERT INTO schema_migrations VALUES('20250128163418');
INSERT INTO schema_migrations VALUES('20250128164642');
INSERT INTO schema_migrations VALUES('20250129123953');
INSERT INTO schema_migrations VALUES('20250129125141');
INSERT INTO schema_migrations VALUES('20250129125443');
INSERT INTO schema_migrations VALUES('20250131144421');
INSERT INTO schema_migrations VALUES('20250205154319');
INSERT INTO schema_migrations VALUES('20250206105011');
INSERT INTO schema_migrations VALUES('20250211142926');
CREATE TABLE IF NOT EXISTS "ar_internal_metadata" ("key" varchar NOT NULL PRIMARY KEY, "value" varchar, "created_at" datetime(6) NOT NULL, "updated_at" datetime(6) NOT NULL);
INSERT INTO ar_internal_metadata VALUES('environment','development','2025-03-08 12:09:30.647027','2025-03-08 12:09:30.647051');
CREATE TABLE IF NOT EXISTS "genres" ("id" integer PRIMARY KEY AUTOINCREMENT NOT NULL, "name" varchar, "vocal" boolean, "created_at" datetime(6) NOT NULL, "updated_at" datetime(6) NOT NULL);
INSERT INTO genres VALUES(1,'Trio',0,'2025-03-08 12:09:36.695443','2025-03-08 12:09:36.695443');
INSERT INTO genres VALUES(2,'Symphony',0,'2025-03-08 12:09:36.713518','2025-03-08 12:09:36.713518');
INSERT INTO genres VALUES(3,'String Quartet',0,'2025-03-08 12:09:36.726315','2025-03-08 12:09:36.726315');
INSERT INTO genres VALUES(4,'Miscellaneous Solo',0,'2025-03-08 12:09:36.741238','2025-03-08 12:09:36.741238');
INSERT INTO genres VALUES(5,'Miscellaneous Chamber',0,'2025-03-08 12:09:36.753554','2025-03-08 12:09:36.753554');
INSERT INTO genres VALUES(6,'Miscellaneous Orchestral',0,'2025-03-08 12:09:36.766158','2025-03-08 12:09:36.766158');
INSERT INTO genres VALUES(7,'Concerto',0,'2025-03-08 12:09:36.780877','2025-03-08 12:09:36.780877');
INSERT INTO genres VALUES(8,'Sonata',0,'2025-03-08 12:09:36.790635','2025-03-08 12:09:36.790635');
INSERT INTO genres VALUES(9,'Choral Song',1,'2025-03-08 12:09:36.800322','2025-03-08 12:09:36.800322');
INSERT INTO genres VALUES(10,'Choral Story',1,'2025-03-08 12:09:36.810303','2025-03-08 12:09:36.810303');
INSERT INTO genres VALUES(11,'Art Song',1,'2025-03-08 12:09:36.841016','2025-03-08 12:09:36.841016');
INSERT INTO genres VALUES(12,'Song Cycle',1,'2025-03-08 12:09:36.851590','2025-03-08 12:09:36.851590');
INSERT INTO genres VALUES(13,'Choral Song Cycle',1,'2025-03-08 12:09:36.868489','2025-03-08 12:09:36.868489');
INSERT INTO genres VALUES(14,'Cantata',1,'2025-03-08 12:09:36.875569','2025-03-08 12:09:36.875569');
INSERT INTO genres VALUES(15,'Anthem',1,'2025-03-08 12:09:36.887344','2025-03-08 12:09:36.887344');
INSERT INTO genres VALUES(16,'Motet',1,'2025-03-08 12:09:36.901229','2025-03-08 12:09:36.901229');
INSERT INTO genres VALUES(17,'Hymn',1,'2025-03-08 12:09:36.911668','2025-03-08 12:09:36.911668');
CREATE TABLE IF NOT EXISTS "parts" ("id" integer PRIMARY KEY AUTOINCREMENT NOT NULL, "work_id" integer DEFAULT NULL, "instrument_id" integer DEFAULT NULL, "quantity" integer DEFAULT NULL, "created_at" datetime(6) NOT NULL, "updated_at" datetime(6) NOT NULL, CONSTRAINT "fk_rails_882d2f82fc"
FOREIGN KEY ("work_id")
  REFERENCES "works" ("id")
, CONSTRAINT "fk_rails_f07f39fce3"
FOREIGN KEY ("instrument_id")
  REFERENCES "instruments" ("id")
);
INSERT INTO parts VALUES(1,1,36,1,'2025-03-08 12:09:51.139987','2025-03-08 12:09:51.139987');
INSERT INTO parts VALUES(2,2,39,1,'2025-03-08 12:09:51.158691','2025-03-08 12:09:51.158691');
INSERT INTO parts VALUES(3,3,36,1,'2025-03-08 12:09:51.175129','2025-03-08 12:09:51.175129');
INSERT INTO parts VALUES(4,4,36,1,'2025-03-08 12:09:51.192744','2025-03-08 12:09:51.192744');
INSERT INTO parts VALUES(5,4,25,1,'2025-03-08 12:09:51.195765','2025-03-08 12:09:51.195765');
INSERT INTO parts VALUES(6,5,36,1,'2025-03-08 12:09:51.214883','2025-03-08 12:09:51.214883');
INSERT INTO parts VALUES(7,5,25,1,'2025-03-08 12:09:51.218148','2025-03-08 12:09:51.218148');
INSERT INTO parts VALUES(8,6,36,1,'2025-03-08 12:09:51.236133','2025-03-08 12:09:51.236133');
INSERT INTO parts VALUES(9,7,36,1,'2025-03-08 12:09:51.253836','2025-03-08 12:09:51.253836');
INSERT INTO parts VALUES(10,7,2,1,'2025-03-08 12:09:51.256836','2025-03-08 12:09:51.256836');
INSERT INTO parts VALUES(11,8,36,1,'2025-03-08 12:09:51.273557','2025-03-08 12:09:51.273557');
INSERT INTO parts VALUES(12,8,4,1,'2025-03-08 12:09:51.276633','2025-03-08 12:09:51.276633');
INSERT INTO parts VALUES(13,9,36,1,'2025-03-08 12:09:51.290399','2025-03-08 12:09:51.290399');
INSERT INTO parts VALUES(14,10,36,1,'2025-03-08 12:09:51.309656','2025-03-08 12:09:51.309656');
INSERT INTO parts VALUES(15,10,25,1,'2025-03-08 12:09:51.313045','2025-03-08 12:09:51.313045');
INSERT INTO parts VALUES(16,11,19,1,'2025-03-08 12:09:51.332898','2025-03-08 12:09:51.332898');
INSERT INTO parts VALUES(17,11,23,1,'2025-03-08 12:09:51.335105','2025-03-08 12:09:51.335105');
INSERT INTO parts VALUES(18,11,36,1,'2025-03-08 12:09:51.337292','2025-03-08 12:09:51.337292');
INSERT INTO parts VALUES(19,11,33,1,'2025-03-08 12:09:51.339083','2025-03-08 12:09:51.339083');
INSERT INTO parts VALUES(20,12,36,1,'2025-03-08 12:09:51.372607','2025-03-08 12:09:51.372607');
INSERT INTO parts VALUES(21,13,36,1,'2025-03-08 12:09:51.391573','2025-03-08 12:09:51.391573');
INSERT INTO parts VALUES(22,14,36,1,'2025-03-08 12:09:51.412172','2025-03-08 12:09:51.412172');
INSERT INTO parts VALUES(23,15,36,1,'2025-03-08 12:09:51.428797','2025-03-08 12:09:51.428797');
INSERT INTO parts VALUES(24,16,36,1,'2025-03-08 12:09:51.443261','2025-03-08 12:09:51.443261');
INSERT INTO parts VALUES(25,17,36,1,'2025-03-08 12:09:51.459662','2025-03-08 12:09:51.459662');
INSERT INTO parts VALUES(26,18,36,1,'2025-03-08 12:09:51.472636','2025-03-08 12:09:51.472636');
INSERT INTO parts VALUES(27,19,36,1,'2025-03-08 12:09:51.488483','2025-03-08 12:09:51.488483');
INSERT INTO parts VALUES(28,20,36,1,'2025-03-08 12:09:51.505778','2025-03-08 12:09:51.505778');
INSERT INTO parts VALUES(29,21,19,1,'2025-03-08 12:09:51.523508','2025-03-08 12:09:51.523508');
INSERT INTO parts VALUES(30,21,25,1,'2025-03-08 12:09:51.525522','2025-03-08 12:09:51.525522');
INSERT INTO parts VALUES(31,22,36,1,'2025-03-08 12:09:51.536612','2025-03-08 12:09:51.536612');
INSERT INTO parts VALUES(32,22,25,1,'2025-03-08 12:09:51.538083','2025-03-08 12:09:51.538083');
INSERT INTO parts VALUES(33,23,36,1,'2025-03-08 12:09:51.547493','2025-03-08 12:09:51.547493');
INSERT INTO parts VALUES(34,24,36,1,'2025-03-08 12:09:51.556484','2025-03-08 12:09:51.556484');
INSERT INTO parts VALUES(35,25,36,1,'2025-03-08 12:09:51.566861','2025-03-08 12:09:51.566861');
INSERT INTO parts VALUES(36,25,25,1,'2025-03-08 12:09:51.568372','2025-03-08 12:09:51.568372');
INSERT INTO parts VALUES(37,26,23,1,'2025-03-08 12:09:57.106926','2025-03-08 12:09:57.106926');
INSERT INTO parts VALUES(38,26,25,1,'2025-03-08 12:09:57.109980','2025-03-08 12:09:57.109980');
INSERT INTO parts VALUES(39,27,6,1,'2025-03-08 12:09:57.134265','2025-03-08 12:09:57.134265');
INSERT INTO parts VALUES(40,27,35,1,'2025-03-08 12:09:57.137666','2025-03-08 12:09:57.137666');
INSERT INTO parts VALUES(41,28,2,1,'2025-03-08 12:09:57.160356','2025-03-08 12:09:57.160356');
INSERT INTO parts VALUES(42,28,14,1,'2025-03-08 12:09:57.163867','2025-03-08 12:09:57.163867');
INSERT INTO parts VALUES(43,28,15,1,'2025-03-08 12:09:57.167383','2025-03-08 12:09:57.167383');
INSERT INTO parts VALUES(44,28,16,1,'2025-03-08 12:09:57.170704','2025-03-08 12:09:57.170704');
INSERT INTO parts VALUES(45,29,16,1,'2025-03-08 12:09:57.189503','2025-03-08 12:09:57.189503');
INSERT INTO parts VALUES(46,30,26,1,'2025-03-08 12:09:57.207878','2025-03-08 12:09:57.207878');
INSERT INTO parts VALUES(47,31,16,1,'2025-03-08 12:09:57.228476','2025-03-08 12:09:57.228476');
INSERT INTO parts VALUES(48,31,25,1,'2025-03-08 12:09:57.231850','2025-03-08 12:09:57.231850');
INSERT INTO parts VALUES(49,32,14,1,'2025-03-08 12:09:57.254087','2025-03-08 12:09:57.254087');
INSERT INTO parts VALUES(50,32,6,1,'2025-03-08 12:09:57.257671','2025-03-08 12:09:57.257671');
INSERT INTO parts VALUES(51,32,25,1,'2025-03-08 12:09:57.260158','2025-03-08 12:09:57.260158');
INSERT INTO parts VALUES(52,33,14,1,'2025-03-08 12:09:57.277740','2025-03-08 12:09:57.277740');
INSERT INTO parts VALUES(53,33,6,1,'2025-03-08 12:09:57.281243','2025-03-08 12:09:57.281243');
INSERT INTO parts VALUES(54,33,25,1,'2025-03-08 12:09:57.285229','2025-03-08 12:09:57.285229');
INSERT INTO parts VALUES(55,34,14,1,'2025-03-08 12:09:57.307080','2025-03-08 12:09:57.307080');
INSERT INTO parts VALUES(56,34,6,1,'2025-03-08 12:09:57.310512','2025-03-08 12:09:57.310512');
INSERT INTO parts VALUES(57,34,25,1,'2025-03-08 12:09:57.313088','2025-03-08 12:09:57.313088');
INSERT INTO parts VALUES(58,35,14,1,'2025-03-08 12:09:57.350204','2025-03-08 12:09:57.350204');
INSERT INTO parts VALUES(59,35,16,1,'2025-03-08 12:09:57.353660','2025-03-08 12:09:57.353660');
INSERT INTO parts VALUES(60,36,4,1,'2025-03-08 12:09:57.374927','2025-03-08 12:09:57.374927');
INSERT INTO parts VALUES(61,36,6,1,'2025-03-08 12:09:57.377870','2025-03-08 12:09:57.377870');
INSERT INTO parts VALUES(62,36,7,1,'2025-03-08 12:09:57.382947','2025-03-08 12:09:57.382947');
INSERT INTO parts VALUES(63,37,14,1,'2025-03-08 12:09:57.405448','2025-03-08 12:09:57.405448');
INSERT INTO parts VALUES(64,37,16,1,'2025-03-08 12:09:57.408300','2025-03-08 12:09:57.408300');
INSERT INTO parts VALUES(65,37,25,1,'2025-03-08 12:09:57.411098','2025-03-08 12:09:57.411098');
INSERT INTO parts VALUES(66,38,14,1,'2025-03-08 12:09:57.430083','2025-03-08 12:09:57.430083');
INSERT INTO parts VALUES(67,38,15,1,'2025-03-08 12:09:57.432812','2025-03-08 12:09:57.432812');
INSERT INTO parts VALUES(68,38,16,1,'2025-03-08 12:09:57.435580','2025-03-08 12:09:57.435580');
INSERT INTO parts VALUES(69,39,14,3,'2025-03-08 12:09:57.449505','2025-03-08 12:09:57.449505');
INSERT INTO parts VALUES(70,40,14,1,'2025-03-08 12:09:57.462661','2025-03-08 12:09:57.462661');
INSERT INTO parts VALUES(71,40,15,1,'2025-03-08 12:09:57.464389','2025-03-08 12:09:57.464389');
INSERT INTO parts VALUES(72,40,16,1,'2025-03-08 12:09:57.466596','2025-03-08 12:09:57.466596');
INSERT INTO parts VALUES(73,41,2,1,'2025-03-08 12:09:57.483979','2025-03-08 12:09:57.483979');
INSERT INTO parts VALUES(74,41,6,1,'2025-03-08 12:09:57.486042','2025-03-08 12:09:57.486042');
INSERT INTO parts VALUES(75,41,32,1,'2025-03-08 12:09:57.489451','2025-03-08 12:09:57.489451');
INSERT INTO parts VALUES(76,42,6,1,'2025-03-08 12:09:57.507810','2025-03-08 12:09:57.507810');
INSERT INTO parts VALUES(77,42,14,1,'2025-03-08 12:09:57.509568','2025-03-08 12:09:57.509568');
INSERT INTO parts VALUES(78,42,16,1,'2025-03-08 12:09:57.512475','2025-03-08 12:09:57.512475');
INSERT INTO parts VALUES(79,43,6,1,'2025-03-08 12:09:57.526246','2025-03-08 12:09:57.526246');
INSERT INTO parts VALUES(80,43,32,1,'2025-03-08 12:09:57.528205','2025-03-08 12:09:57.528205');
INSERT INTO parts VALUES(81,44,4,1,'2025-03-08 12:09:57.545391','2025-03-08 12:09:57.545391');
INSERT INTO parts VALUES(82,44,14,1,'2025-03-08 12:09:57.547027','2025-03-08 12:09:57.547027');
INSERT INTO parts VALUES(83,44,16,1,'2025-03-08 12:09:57.548875','2025-03-08 12:09:57.548875');
INSERT INTO parts VALUES(84,45,16,2,'2025-03-08 12:09:57.580772','2025-03-08 12:09:57.580772');
INSERT INTO parts VALUES(85,46,4,1,'2025-03-08 12:09:57.605246','2025-03-08 12:09:57.605246');
INSERT INTO parts VALUES(86,46,14,1,'2025-03-08 12:09:57.608514','2025-03-08 12:09:57.608514');
INSERT INTO parts VALUES(87,46,15,1,'2025-03-08 12:09:57.614299','2025-03-08 12:09:57.614299');
INSERT INTO parts VALUES(88,46,16,1,'2025-03-08 12:09:57.618721','2025-03-08 12:09:57.618721');
INSERT INTO parts VALUES(89,47,14,1,'2025-03-08 12:09:57.639613','2025-03-08 12:09:57.639613');
INSERT INTO parts VALUES(90,47,4,1,'2025-03-08 12:09:57.641447','2025-03-08 12:09:57.641447');
INSERT INTO parts VALUES(91,47,25,1,'2025-03-08 12:09:57.643094','2025-03-08 12:09:57.643094');
INSERT INTO parts VALUES(92,48,28,1,'2025-03-08 12:09:57.657196','2025-03-08 12:09:57.657196');
INSERT INTO parts VALUES(93,49,6,1,'2025-03-08 12:09:57.675220','2025-03-08 12:09:57.675220');
INSERT INTO parts VALUES(94,49,16,1,'2025-03-08 12:09:57.677990','2025-03-08 12:09:57.677990');
INSERT INTO parts VALUES(95,49,25,1,'2025-03-08 12:09:57.682151','2025-03-08 12:09:57.682151');
INSERT INTO parts VALUES(96,50,6,1,'2025-03-08 12:09:57.699652','2025-03-08 12:09:57.699652');
INSERT INTO parts VALUES(97,50,16,1,'2025-03-08 12:09:57.701461','2025-03-08 12:09:57.701461');
INSERT INTO parts VALUES(98,50,25,1,'2025-03-08 12:09:57.704433','2025-03-08 12:09:57.704433');
INSERT INTO parts VALUES(99,51,6,1,'2025-03-08 12:09:57.719817','2025-03-08 12:09:57.719817');
INSERT INTO parts VALUES(100,51,16,1,'2025-03-08 12:09:57.722691','2025-03-08 12:09:57.722691');
INSERT INTO parts VALUES(101,51,25,1,'2025-03-08 12:09:57.725117','2025-03-08 12:09:57.725117');
INSERT INTO parts VALUES(102,52,6,1,'2025-03-08 12:09:57.737185','2025-03-08 12:09:57.737185');
INSERT INTO parts VALUES(103,52,16,1,'2025-03-08 12:09:57.740208','2025-03-08 12:09:57.740208');
INSERT INTO parts VALUES(104,52,25,1,'2025-03-08 12:09:57.742064','2025-03-08 12:09:57.742064');
INSERT INTO parts VALUES(105,53,6,1,'2025-03-08 12:09:57.757305','2025-03-08 12:09:57.757305');
INSERT INTO parts VALUES(106,53,16,1,'2025-03-08 12:09:57.759724','2025-03-08 12:09:57.759724');
INSERT INTO parts VALUES(107,53,25,1,'2025-03-08 12:09:57.761385','2025-03-08 12:09:57.761385');
INSERT INTO parts VALUES(108,54,6,1,'2025-03-08 12:09:57.776477','2025-03-08 12:09:57.776477');
INSERT INTO parts VALUES(109,54,16,1,'2025-03-08 12:09:57.779603','2025-03-08 12:09:57.779603');
INSERT INTO parts VALUES(110,54,25,1,'2025-03-08 12:09:57.782933','2025-03-08 12:09:57.782933');
INSERT INTO parts VALUES(111,55,6,1,'2025-03-08 12:09:57.813412','2025-03-08 12:09:57.813412');
INSERT INTO parts VALUES(112,55,16,1,'2025-03-08 12:09:57.818817','2025-03-08 12:09:57.818817');
INSERT INTO parts VALUES(113,55,25,1,'2025-03-08 12:09:57.822194','2025-03-08 12:09:57.822194');
INSERT INTO parts VALUES(114,56,16,1,'2025-03-08 12:09:57.839005','2025-03-08 12:09:57.839005');
INSERT INTO parts VALUES(115,56,25,1,'2025-03-08 12:09:57.841723','2025-03-08 12:09:57.841723');
INSERT INTO parts VALUES(116,57,4,1,'2025-03-08 12:09:57.857205','2025-03-08 12:09:57.857205');
INSERT INTO parts VALUES(117,57,6,1,'2025-03-08 12:09:57.858849','2025-03-08 12:09:57.858849');
INSERT INTO parts VALUES(118,57,14,2,'2025-03-08 12:09:57.860580','2025-03-08 12:09:57.860580');
INSERT INTO parts VALUES(119,58,16,1,'2025-03-08 12:09:57.873568','2025-03-08 12:09:57.873568');
INSERT INTO parts VALUES(120,58,25,1,'2025-03-08 12:09:57.875982','2025-03-08 12:09:57.875982');
INSERT INTO parts VALUES(121,59,2,1,'2025-03-08 12:09:57.894050','2025-03-08 12:09:57.894050');
INSERT INTO parts VALUES(122,59,25,1,'2025-03-08 12:09:57.897251','2025-03-08 12:09:57.897251');
INSERT INTO parts VALUES(123,60,4,1,'2025-03-08 12:09:57.918612','2025-03-08 12:09:57.918612');
INSERT INTO parts VALUES(124,60,14,1,'2025-03-08 12:09:57.921596','2025-03-08 12:09:57.921596');
INSERT INTO parts VALUES(125,60,16,1,'2025-03-08 12:09:57.924702','2025-03-08 12:09:57.924702');
INSERT INTO parts VALUES(126,60,25,1,'2025-03-08 12:09:57.926813','2025-03-08 12:09:57.926813');
INSERT INTO parts VALUES(127,61,14,1,'2025-03-08 12:09:57.941888','2025-03-08 12:09:57.941888');
INSERT INTO parts VALUES(128,61,6,1,'2025-03-08 12:09:57.944549','2025-03-08 12:09:57.944549');
INSERT INTO parts VALUES(129,61,25,1,'2025-03-08 12:09:57.946730','2025-03-08 12:09:57.946730');
INSERT INTO parts VALUES(130,62,16,1,'2025-03-08 12:09:57.960759','2025-03-08 12:09:57.960759');
INSERT INTO parts VALUES(131,62,25,1,'2025-03-08 12:09:57.963407','2025-03-08 12:09:57.963407');
INSERT INTO parts VALUES(132,63,10,1,'2025-03-08 12:09:57.981481','2025-03-08 12:09:57.981481');
INSERT INTO parts VALUES(133,63,14,1,'2025-03-08 12:09:57.984083','2025-03-08 12:09:57.984083');
INSERT INTO parts VALUES(134,63,16,1,'2025-03-08 12:09:57.986573','2025-03-08 12:09:57.986573');
INSERT INTO parts VALUES(135,63,25,1,'2025-03-08 12:09:57.989035','2025-03-08 12:09:57.989035');
INSERT INTO parts VALUES(136,64,9,1,'2025-03-08 12:09:58.015561','2025-03-08 12:09:58.015561');
INSERT INTO parts VALUES(137,64,14,1,'2025-03-08 12:09:58.018396','2025-03-08 12:09:58.018396');
INSERT INTO parts VALUES(138,64,16,1,'2025-03-08 12:09:58.021077','2025-03-08 12:09:58.021077');
INSERT INTO parts VALUES(139,64,25,1,'2025-03-08 12:09:58.023845','2025-03-08 12:09:58.023845');
INSERT INTO parts VALUES(140,65,2,1,'2025-03-08 12:09:58.042757','2025-03-08 12:09:58.042757');
INSERT INTO parts VALUES(141,65,16,1,'2025-03-08 12:09:58.045200','2025-03-08 12:09:58.045200');
INSERT INTO parts VALUES(142,66,14,1,'2025-03-08 12:09:58.067276','2025-03-08 12:09:58.067276');
INSERT INTO parts VALUES(143,66,15,1,'2025-03-08 12:09:58.071059','2025-03-08 12:09:58.071059');
INSERT INTO parts VALUES(144,66,16,1,'2025-03-08 12:09:58.073787','2025-03-08 12:09:58.073787');
INSERT INTO parts VALUES(145,67,23,1,'2025-03-08 12:09:58.089706','2025-03-08 12:09:58.089706');
INSERT INTO parts VALUES(146,67,25,1,'2025-03-08 12:09:58.093274','2025-03-08 12:09:58.093274');
INSERT INTO parts VALUES(147,68,6,1,'2025-03-08 12:10:08.044231','2025-03-08 12:10:08.044231');
INSERT INTO parts VALUES(148,68,14,1,'2025-03-08 12:10:08.048536','2025-03-08 12:10:08.048536');
INSERT INTO parts VALUES(149,68,16,1,'2025-03-08 12:10:08.052700','2025-03-08 12:10:08.052700');
INSERT INTO parts VALUES(150,68,25,1,'2025-03-08 12:10:08.056740','2025-03-08 12:10:08.056740');
INSERT INTO parts VALUES(151,69,14,1,'2025-03-08 12:10:08.124718','2025-03-08 12:10:08.124718');
INSERT INTO parts VALUES(152,69,6,1,'2025-03-08 12:10:08.128750','2025-03-08 12:10:08.128750');
INSERT INTO parts VALUES(153,70,6,1,'2025-03-08 12:10:08.152524','2025-03-08 12:10:08.152524');
INSERT INTO parts VALUES(154,70,14,1,'2025-03-08 12:10:08.155624','2025-03-08 12:10:08.155624');
INSERT INTO parts VALUES(155,70,16,1,'2025-03-08 12:10:08.158264','2025-03-08 12:10:08.158264');
INSERT INTO parts VALUES(156,70,25,1,'2025-03-08 12:10:08.161336','2025-03-08 12:10:08.161336');
INSERT INTO parts VALUES(157,71,14,1,'2025-03-08 12:10:08.189517','2025-03-08 12:10:08.189517');
INSERT INTO parts VALUES(158,71,16,1,'2025-03-08 12:10:08.194083','2025-03-08 12:10:08.194083');
INSERT INTO parts VALUES(159,71,25,1,'2025-03-08 12:10:08.198723','2025-03-08 12:10:08.198723');
INSERT INTO parts VALUES(160,72,14,1,'2025-03-08 12:10:08.226788','2025-03-08 12:10:08.226788');
INSERT INTO parts VALUES(161,72,16,1,'2025-03-08 12:10:08.231341','2025-03-08 12:10:08.231341');
INSERT INTO parts VALUES(162,72,25,1,'2025-03-08 12:10:08.235907','2025-03-08 12:10:08.235907');
INSERT INTO parts VALUES(163,73,14,1,'2025-03-08 12:10:08.263836','2025-03-08 12:10:08.263836');
INSERT INTO parts VALUES(164,73,16,1,'2025-03-08 12:10:08.267758','2025-03-08 12:10:08.267758');
INSERT INTO parts VALUES(165,73,25,1,'2025-03-08 12:10:08.271504','2025-03-08 12:10:08.271504');
INSERT INTO parts VALUES(166,74,14,1,'2025-03-08 12:10:08.297104','2025-03-08 12:10:08.297104');
INSERT INTO parts VALUES(167,74,16,1,'2025-03-08 12:10:08.300735','2025-03-08 12:10:08.300735');
INSERT INTO parts VALUES(168,74,25,1,'2025-03-08 12:10:08.304394','2025-03-08 12:10:08.304394');
INSERT INTO parts VALUES(169,75,6,1,'2025-03-08 12:10:08.329700','2025-03-08 12:10:08.329700');
INSERT INTO parts VALUES(170,75,16,1,'2025-03-08 12:10:08.333528','2025-03-08 12:10:08.333528');
INSERT INTO parts VALUES(171,75,25,1,'2025-03-08 12:10:08.368994','2025-03-08 12:10:08.368994');
INSERT INTO parts VALUES(172,76,6,1,'2025-03-08 12:10:08.397486','2025-03-08 12:10:08.397486');
INSERT INTO parts VALUES(173,76,16,1,'2025-03-08 12:10:08.401160','2025-03-08 12:10:08.401160');
INSERT INTO parts VALUES(174,76,25,1,'2025-03-08 12:10:08.404766','2025-03-08 12:10:08.404766');
INSERT INTO parts VALUES(175,77,6,1,'2025-03-08 12:10:08.438588','2025-03-08 12:10:08.438588');
INSERT INTO parts VALUES(176,77,16,1,'2025-03-08 12:10:08.442094','2025-03-08 12:10:08.442094');
INSERT INTO parts VALUES(177,77,25,1,'2025-03-08 12:10:08.448920','2025-03-08 12:10:08.448920');
INSERT INTO parts VALUES(178,78,16,1,'2025-03-08 12:10:08.470167','2025-03-08 12:10:08.470167');
INSERT INTO parts VALUES(179,78,25,1,'2025-03-08 12:10:08.473676','2025-03-08 12:10:08.473676');
INSERT INTO parts VALUES(180,79,2,1,'2025-03-08 12:10:08.498720','2025-03-08 12:10:08.498720');
INSERT INTO parts VALUES(181,79,16,1,'2025-03-08 12:10:08.502579','2025-03-08 12:10:08.502579');
INSERT INTO parts VALUES(182,79,25,1,'2025-03-08 12:10:08.506335','2025-03-08 12:10:08.506335');
INSERT INTO parts VALUES(183,80,16,1,'2025-03-08 12:10:08.528930','2025-03-08 12:10:08.528930');
INSERT INTO parts VALUES(184,80,25,1,'2025-03-08 12:10:08.532268','2025-03-08 12:10:08.532268');
INSERT INTO parts VALUES(185,81,16,1,'2025-03-08 12:10:08.556478','2025-03-08 12:10:08.556478');
INSERT INTO parts VALUES(186,81,25,1,'2025-03-08 12:10:08.559863','2025-03-08 12:10:08.559863');
INSERT INTO parts VALUES(187,82,6,1,'2025-03-08 12:10:08.581939','2025-03-08 12:10:08.581939');
INSERT INTO parts VALUES(188,82,16,1,'2025-03-08 12:10:08.585546','2025-03-08 12:10:08.585546');
INSERT INTO parts VALUES(189,83,6,1,'2025-03-08 12:10:08.607883','2025-03-08 12:10:08.607883');
INSERT INTO parts VALUES(190,83,25,1,'2025-03-08 12:10:08.611563','2025-03-08 12:10:08.611563');
INSERT INTO parts VALUES(191,84,16,1,'2025-03-08 12:10:08.638293','2025-03-08 12:10:08.638293');
INSERT INTO parts VALUES(192,84,25,1,'2025-03-08 12:10:08.642178','2025-03-08 12:10:08.642178');
INSERT INTO parts VALUES(193,85,25,1,'2025-03-08 12:10:08.665961','2025-03-08 12:10:08.665961');
INSERT INTO parts VALUES(194,86,4,1,'2025-03-08 12:10:08.692331','2025-03-08 12:10:08.692331');
INSERT INTO parts VALUES(195,86,6,1,'2025-03-08 12:10:08.721563','2025-03-08 12:10:08.721563');
INSERT INTO parts VALUES(196,86,7,1,'2025-03-08 12:10:08.725207','2025-03-08 12:10:08.725207');
INSERT INTO parts VALUES(197,87,6,1,'2025-03-08 12:10:08.753658','2025-03-08 12:10:08.753658');
INSERT INTO parts VALUES(198,87,16,1,'2025-03-08 12:10:08.757582','2025-03-08 12:10:08.757582');
INSERT INTO parts VALUES(199,87,25,1,'2025-03-08 12:10:08.761245','2025-03-08 12:10:08.761245');
INSERT INTO parts VALUES(200,88,6,1,'2025-03-08 12:10:08.792162','2025-03-08 12:10:08.792162');
INSERT INTO parts VALUES(201,88,16,1,'2025-03-08 12:10:08.797225','2025-03-08 12:10:08.797225');
INSERT INTO parts VALUES(202,88,25,1,'2025-03-08 12:10:08.801403','2025-03-08 12:10:08.801403');
INSERT INTO parts VALUES(203,89,6,1,'2025-03-08 12:10:08.833865','2025-03-08 12:10:08.833865');
INSERT INTO parts VALUES(204,89,16,1,'2025-03-08 12:10:08.837704','2025-03-08 12:10:08.837704');
INSERT INTO parts VALUES(205,89,25,1,'2025-03-08 12:10:08.840923','2025-03-08 12:10:08.840923');
INSERT INTO parts VALUES(206,90,6,1,'2025-03-08 12:10:08.862518','2025-03-08 12:10:08.862518');
INSERT INTO parts VALUES(207,90,16,1,'2025-03-08 12:10:08.866267','2025-03-08 12:10:08.866267');
INSERT INTO parts VALUES(208,90,25,1,'2025-03-08 12:10:08.869440','2025-03-08 12:10:08.869440');
INSERT INTO parts VALUES(209,91,16,1,'2025-03-08 12:10:08.890311','2025-03-08 12:10:08.890311');
INSERT INTO parts VALUES(210,92,26,1,'2025-03-08 12:10:08.915221','2025-03-08 12:10:08.915221');
INSERT INTO parts VALUES(211,93,26,1,'2025-03-08 12:10:08.940985','2025-03-08 12:10:08.940985');
INSERT INTO parts VALUES(212,94,36,1,'2025-03-08 12:10:08.960887','2025-03-08 12:10:08.960887');
INSERT INTO parts VALUES(213,95,2,1,'2025-03-08 12:10:08.984321','2025-03-08 12:10:08.984321');
INSERT INTO parts VALUES(214,95,4,1,'2025-03-08 12:10:08.988125','2025-03-08 12:10:08.988125');
INSERT INTO parts VALUES(215,95,15,1,'2025-03-08 12:10:08.991750','2025-03-08 12:10:08.991750');
INSERT INTO parts VALUES(216,95,16,1,'2025-03-08 12:10:08.995390','2025-03-08 12:10:08.995390');
INSERT INTO parts VALUES(217,96,2,1,'2025-03-08 12:10:09.030950','2025-03-08 12:10:09.030950');
INSERT INTO parts VALUES(218,96,4,1,'2025-03-08 12:10:09.034584','2025-03-08 12:10:09.034584');
INSERT INTO parts VALUES(219,96,9,1,'2025-03-08 12:10:09.038269','2025-03-08 12:10:09.038269');
INSERT INTO parts VALUES(220,96,25,1,'2025-03-08 12:10:09.057931','2025-03-08 12:10:09.057931');
INSERT INTO parts VALUES(221,96,14,1,'2025-03-08 12:10:09.063206','2025-03-08 12:10:09.063206');
INSERT INTO parts VALUES(222,96,15,1,'2025-03-08 12:10:09.067536','2025-03-08 12:10:09.067536');
INSERT INTO parts VALUES(223,96,16,1,'2025-03-08 12:10:09.071832','2025-03-08 12:10:09.071832');
INSERT INTO parts VALUES(224,97,20,1,'2025-03-08 12:10:09.111522','2025-03-08 12:10:09.111522');
INSERT INTO parts VALUES(225,97,2,1,'2025-03-08 12:10:09.116614','2025-03-08 12:10:09.116614');
INSERT INTO parts VALUES(226,97,4,1,'2025-03-08 12:10:09.120957','2025-03-08 12:10:09.120957');
INSERT INTO parts VALUES(227,97,16,1,'2025-03-08 12:10:09.124598','2025-03-08 12:10:09.124598');
INSERT INTO parts VALUES(228,97,25,1,'2025-03-08 12:10:09.128112','2025-03-08 12:10:09.128112');
INSERT INTO parts VALUES(229,98,16,2,'2025-03-08 12:10:09.154114','2025-03-08 12:10:09.154114');
INSERT INTO parts VALUES(230,99,2,1,'2025-03-08 12:10:09.179527','2025-03-08 12:10:09.179527');
INSERT INTO parts VALUES(231,99,16,1,'2025-03-08 12:10:09.183110','2025-03-08 12:10:09.183110');
INSERT INTO parts VALUES(232,99,25,1,'2025-03-08 12:10:09.186453','2025-03-08 12:10:09.186453');
INSERT INTO parts VALUES(233,100,16,1,'2025-03-08 12:10:09.206479','2025-03-08 12:10:09.206479');
INSERT INTO parts VALUES(234,101,16,1,'2025-03-08 12:10:09.225176','2025-03-08 12:10:09.225176');
INSERT INTO parts VALUES(235,102,16,1,'2025-03-08 12:10:09.247516','2025-03-08 12:10:09.247516');
INSERT INTO parts VALUES(236,102,25,1,'2025-03-08 12:10:09.250851','2025-03-08 12:10:09.250851');
INSERT INTO parts VALUES(237,103,2,4,'2025-03-08 12:10:09.272226','2025-03-08 12:10:09.272226');
INSERT INTO parts VALUES(238,104,16,2,'2025-03-08 12:10:09.290685','2025-03-08 12:10:09.290685');
INSERT INTO parts VALUES(239,105,16,1,'2025-03-08 12:10:09.312223','2025-03-08 12:10:09.312223');
INSERT INTO parts VALUES(240,105,25,1,'2025-03-08 12:10:09.315900','2025-03-08 12:10:09.315900');
INSERT INTO parts VALUES(241,106,16,1,'2025-03-08 12:10:09.334753','2025-03-08 12:10:09.334753');
INSERT INTO parts VALUES(242,107,16,1,'2025-03-08 12:10:09.353906','2025-03-08 12:10:09.353906');
INSERT INTO parts VALUES(243,108,16,1,'2025-03-08 12:10:09.386393','2025-03-08 12:10:09.386393');
INSERT INTO parts VALUES(244,108,25,1,'2025-03-08 12:10:09.389938','2025-03-08 12:10:09.389938');
INSERT INTO parts VALUES(245,109,16,1,'2025-03-08 12:10:09.414878','2025-03-08 12:10:09.414878');
INSERT INTO parts VALUES(246,110,16,1,'2025-03-08 12:10:09.440477','2025-03-08 12:10:09.440477');
INSERT INTO parts VALUES(247,111,16,1,'2025-03-08 12:10:09.463626','2025-03-08 12:10:09.463626');
INSERT INTO parts VALUES(248,112,16,1,'2025-03-08 12:10:09.485746','2025-03-08 12:10:09.485746');
INSERT INTO parts VALUES(249,26,23,1,'2025-03-08 12:10:16.247082','2025-03-08 12:10:16.247082');
INSERT INTO parts VALUES(250,26,25,1,'2025-03-08 12:10:16.253701','2025-03-08 12:10:16.253701');
INSERT INTO parts VALUES(251,113,23,1,'2025-03-08 12:10:16.281040','2025-03-08 12:10:16.281040');
INSERT INTO parts VALUES(252,113,25,1,'2025-03-08 12:10:16.284170','2025-03-08 12:10:16.284170');
INSERT INTO parts VALUES(253,114,23,1,'2025-03-08 12:10:16.302823','2025-03-08 12:10:16.302823');
INSERT INTO parts VALUES(254,114,25,1,'2025-03-08 12:10:16.305861','2025-03-08 12:10:16.305861');
INSERT INTO parts VALUES(255,115,19,1,'2025-03-08 12:10:16.325132','2025-03-08 12:10:16.325132');
INSERT INTO parts VALUES(256,115,25,1,'2025-03-08 12:10:16.328537','2025-03-08 12:10:16.328537');
INSERT INTO parts VALUES(257,116,20,1,'2025-03-08 12:10:16.348667','2025-03-08 12:10:16.348667');
INSERT INTO parts VALUES(258,116,25,1,'2025-03-08 12:10:16.351748','2025-03-08 12:10:16.351748');
INSERT INTO parts VALUES(259,117,20,1,'2025-03-08 12:10:16.374851','2025-03-08 12:10:16.374851');
INSERT INTO parts VALUES(260,117,2,1,'2025-03-08 12:10:16.378248','2025-03-08 12:10:16.378248');
INSERT INTO parts VALUES(261,117,6,1,'2025-03-08 12:10:16.381765','2025-03-08 12:10:16.381765');
INSERT INTO parts VALUES(262,117,25,1,'2025-03-08 12:10:16.384627','2025-03-08 12:10:16.384627');
INSERT INTO parts VALUES(263,118,21,1,'2025-03-08 12:10:16.404261','2025-03-08 12:10:16.404261');
INSERT INTO parts VALUES(264,118,25,1,'2025-03-08 12:10:16.407459','2025-03-08 12:10:16.407459');
INSERT INTO parts VALUES(265,119,23,1,'2025-03-08 12:10:16.425701','2025-03-08 12:10:16.425701');
INSERT INTO parts VALUES(266,119,25,1,'2025-03-08 12:10:16.429014','2025-03-08 12:10:16.429014');
INSERT INTO parts VALUES(267,120,23,1,'2025-03-08 12:10:16.446492','2025-03-08 12:10:16.446492');
INSERT INTO parts VALUES(268,121,19,1,'2025-03-08 12:10:16.464257','2025-03-08 12:10:16.464257');
INSERT INTO parts VALUES(269,121,25,1,'2025-03-08 12:10:16.467242','2025-03-08 12:10:16.467242');
INSERT INTO parts VALUES(270,122,20,1,'2025-03-08 12:10:16.513052','2025-03-08 12:10:16.513052');
INSERT INTO parts VALUES(271,122,2,1,'2025-03-08 12:10:16.517874','2025-03-08 12:10:16.517874');
INSERT INTO parts VALUES(272,122,25,1,'2025-03-08 12:10:16.521101','2025-03-08 12:10:16.521101');
INSERT INTO parts VALUES(273,123,20,1,'2025-03-08 12:10:16.541856','2025-03-08 12:10:16.541856');
INSERT INTO parts VALUES(274,123,2,1,'2025-03-08 12:10:16.545750','2025-03-08 12:10:16.545750');
INSERT INTO parts VALUES(275,123,25,1,'2025-03-08 12:10:16.548458','2025-03-08 12:10:16.548458');
INSERT INTO parts VALUES(276,124,20,1,'2025-03-08 12:10:16.569125','2025-03-08 12:10:16.569125');
INSERT INTO parts VALUES(277,124,2,1,'2025-03-08 12:10:16.571620','2025-03-08 12:10:16.571620');
INSERT INTO parts VALUES(278,124,25,1,'2025-03-08 12:10:16.574074','2025-03-08 12:10:16.574074');
INSERT INTO parts VALUES(279,125,20,1,'2025-03-08 12:10:16.593647','2025-03-08 12:10:16.593647');
INSERT INTO parts VALUES(280,125,2,1,'2025-03-08 12:10:16.596448','2025-03-08 12:10:16.596448');
INSERT INTO parts VALUES(281,125,25,1,'2025-03-08 12:10:16.599719','2025-03-08 12:10:16.599719');
INSERT INTO parts VALUES(282,126,20,1,'2025-03-08 12:10:16.620627','2025-03-08 12:10:16.620627');
INSERT INTO parts VALUES(283,126,2,1,'2025-03-08 12:10:16.623476','2025-03-08 12:10:16.623476');
INSERT INTO parts VALUES(284,126,25,1,'2025-03-08 12:10:16.626661','2025-03-08 12:10:16.626661');
INSERT INTO parts VALUES(285,127,20,1,'2025-03-08 12:10:16.647002','2025-03-08 12:10:16.647002');
INSERT INTO parts VALUES(286,127,25,1,'2025-03-08 12:10:16.650460','2025-03-08 12:10:16.650460');
INSERT INTO parts VALUES(287,128,20,1,'2025-03-08 12:10:16.670563','2025-03-08 12:10:16.670563');
INSERT INTO parts VALUES(288,128,25,1,'2025-03-08 12:10:16.673744','2025-03-08 12:10:16.673744');
INSERT INTO parts VALUES(289,129,20,1,'2025-03-08 12:10:16.692826','2025-03-08 12:10:16.692826');
INSERT INTO parts VALUES(290,129,25,1,'2025-03-08 12:10:16.695924','2025-03-08 12:10:16.695924');
INSERT INTO parts VALUES(291,130,20,1,'2025-03-08 12:10:16.713881','2025-03-08 12:10:16.713881');
INSERT INTO parts VALUES(292,130,25,1,'2025-03-08 12:10:16.717091','2025-03-08 12:10:16.717091');
INSERT INTO parts VALUES(293,131,20,1,'2025-03-08 12:10:16.735853','2025-03-08 12:10:16.735853');
INSERT INTO parts VALUES(294,131,25,1,'2025-03-08 12:10:16.739098','2025-03-08 12:10:16.739098');
INSERT INTO parts VALUES(295,132,20,1,'2025-03-08 12:10:16.776815','2025-03-08 12:10:16.776815');
INSERT INTO parts VALUES(296,132,25,1,'2025-03-08 12:10:16.780173','2025-03-08 12:10:16.780173');
INSERT INTO parts VALUES(297,133,20,1,'2025-03-08 12:10:16.803661','2025-03-08 12:10:16.803661');
INSERT INTO parts VALUES(298,133,25,1,'2025-03-08 12:10:16.807327','2025-03-08 12:10:16.807327');
INSERT INTO parts VALUES(299,134,19,1,'2025-03-08 12:10:16.828786','2025-03-08 12:10:16.828786');
INSERT INTO parts VALUES(300,134,16,1,'2025-03-08 12:10:16.833641','2025-03-08 12:10:16.833641');
INSERT INTO parts VALUES(301,135,16,1,'2025-03-08 12:10:23.799034','2025-03-08 12:10:23.799034');
INSERT INTO parts VALUES(302,135,31,1,'2025-03-08 12:10:23.801054','2025-03-08 12:10:23.801054');
INSERT INTO parts VALUES(303,135,6,1,'2025-03-08 12:10:23.803136','2025-03-08 12:10:23.803136');
INSERT INTO parts VALUES(304,136,31,1,'2025-03-08 12:10:23.823973','2025-03-08 12:10:23.823973');
INSERT INTO parts VALUES(305,137,35,1,'2025-03-08 12:10:23.836357','2025-03-08 12:10:23.836357');
INSERT INTO parts VALUES(306,138,14,1,'2025-03-08 12:10:23.848033','2025-03-08 12:10:23.848033');
INSERT INTO parts VALUES(307,138,25,1,'2025-03-08 12:10:23.849683','2025-03-08 12:10:23.849683');
INSERT INTO parts VALUES(308,139,6,1,'2025-03-08 12:10:23.859146','2025-03-08 12:10:23.859146');
INSERT INTO parts VALUES(309,140,6,1,'2025-03-08 12:10:23.872482','2025-03-08 12:10:23.872482');
INSERT INTO parts VALUES(310,140,25,1,'2025-03-08 12:10:23.875510','2025-03-08 12:10:23.875510');
INSERT INTO parts VALUES(311,141,6,1,'2025-03-08 12:10:23.892934','2025-03-08 12:10:23.892934');
INSERT INTO parts VALUES(312,141,25,1,'2025-03-08 12:10:23.896210','2025-03-08 12:10:23.896210');
INSERT INTO parts VALUES(313,142,2,1,'2025-03-08 12:10:23.915079','2025-03-08 12:10:23.915079');
INSERT INTO parts VALUES(314,142,26,1,'2025-03-08 12:10:23.917387','2025-03-08 12:10:23.917387');
INSERT INTO parts VALUES(315,143,16,1,'2025-03-08 12:10:23.928967','2025-03-08 12:10:23.928967');
INSERT INTO parts VALUES(316,144,27,1,'2025-03-08 12:10:23.941478','2025-03-08 12:10:23.941478');
INSERT INTO parts VALUES(317,145,18,1,'2025-03-08 12:10:23.955046','2025-03-08 12:10:23.955046');
INSERT INTO parts VALUES(318,146,16,1,'2025-03-08 12:10:23.987849','2025-03-08 12:10:23.987849');
INSERT INTO parts VALUES(319,147,16,1,'2025-03-08 12:10:24.004131','2025-03-08 12:10:24.004131');
INSERT INTO parts VALUES(320,148,16,1,'2025-03-08 12:10:24.022782','2025-03-08 12:10:24.022782');
INSERT INTO parts VALUES(321,149,16,1,'2025-03-08 12:10:24.038987','2025-03-08 12:10:24.038987');
INSERT INTO parts VALUES(329,97,19,1,'2025-03-08 12:10:24.088864','2025-03-08 12:10:24.088864');
INSERT INTO parts VALUES(330,97,25,1,'2025-03-08 12:10:24.093132','2025-03-08 12:10:24.093132');
INSERT INTO parts VALUES(331,150,28,1,'2025-03-08 12:10:24.110748','2025-03-08 12:10:24.110748');
INSERT INTO parts VALUES(332,151,28,1,'2025-03-08 12:10:24.126291','2025-03-08 12:10:24.126291');
INSERT INTO parts VALUES(333,152,16,1,'2025-03-08 12:10:24.141234','2025-03-08 12:10:24.141234');
INSERT INTO parts VALUES(334,152,25,1,'2025-03-08 12:10:24.143183','2025-03-08 12:10:24.143183');
INSERT INTO parts VALUES(335,153,16,1,'2025-03-08 12:10:24.156559','2025-03-08 12:10:24.156559');
INSERT INTO parts VALUES(336,154,28,1,'2025-03-08 12:10:24.172785','2025-03-08 12:10:24.172785');
INSERT INTO parts VALUES(337,155,27,1,'2025-03-08 12:10:24.188185','2025-03-08 12:10:24.188185');
INSERT INTO parts VALUES(338,156,14,1,'2025-03-08 12:10:24.221124','2025-03-08 12:10:24.221124');
INSERT INTO parts VALUES(339,156,15,1,'2025-03-08 12:10:24.224890','2025-03-08 12:10:24.224890');
INSERT INTO parts VALUES(340,156,16,1,'2025-03-08 12:10:24.227692','2025-03-08 12:10:24.227692');
CREATE TABLE IF NOT EXISTS "instruments" ("id" integer PRIMARY KEY AUTOINCREMENT NOT NULL, "name" varchar DEFAULT NULL, "rank" integer DEFAULT NULL, "family" varchar DEFAULT NULL, "created_at" datetime(6) NOT NULL, "updated_at" datetime(6) NOT NULL);
INSERT INTO instruments VALUES(1,'piccolo',200,'woodwind','2025-03-08 12:09:36.931999','2025-03-08 12:09:36.931999');
INSERT INTO instruments VALUES(2,'flute',210,'woodwind','2025-03-08 12:09:36.946460','2025-03-08 12:09:36.946460');
INSERT INTO instruments VALUES(3,'recorder',225,'woodwind','2025-03-08 12:09:36.960296','2025-03-08 12:09:36.960296');
INSERT INTO instruments VALUES(4,'oboe',250,'woodwind','2025-03-08 12:09:36.973023','2025-03-08 12:09:36.973023');
INSERT INTO instruments VALUES(5,'English horn',275,'woodwind','2025-03-08 12:09:37.003263','2025-03-08 12:09:37.003263');
INSERT INTO instruments VALUES(6,'clarinet',280,'woodwind','2025-03-08 12:09:37.018851','2025-03-08 12:09:37.018851');
INSERT INTO instruments VALUES(7,'bassoon',300,'woodwind','2025-03-08 12:09:37.036325','2025-03-08 12:09:37.036325');
INSERT INTO instruments VALUES(8,'contrabassoon',310,'woodwind','2025-03-08 12:09:37.047835','2025-03-08 12:09:37.047835');
INSERT INTO instruments VALUES(9,'trumpet',410,'brass','2025-03-08 12:09:37.061455','2025-03-08 12:09:37.061455');
INSERT INTO instruments VALUES(10,'horn',415,'brass','2025-03-08 12:09:37.074950','2025-03-08 12:09:37.074950');
INSERT INTO instruments VALUES(11,'flugelhorn',417,'brass','2025-03-08 12:09:37.084080','2025-03-08 12:09:37.084080');
INSERT INTO instruments VALUES(12,'trombone',420,'brass','2025-03-08 12:09:37.096289','2025-03-08 12:09:37.096289');
INSERT INTO instruments VALUES(13,'tuba',440,'brass','2025-03-08 12:09:37.105073','2025-03-08 12:09:37.105073');
INSERT INTO instruments VALUES(14,'violin',475,'strings','2025-03-08 12:09:37.113728','2025-03-08 12:09:37.113728');
INSERT INTO instruments VALUES(15,'viola',480,'strings','2025-03-08 12:09:37.121688','2025-03-08 12:09:37.121688');
INSERT INTO instruments VALUES(16,'cello',490,'strings','2025-03-08 12:09:37.128751','2025-03-08 12:09:37.128751');
INSERT INTO instruments VALUES(17,'double bass',500,'strings','2025-03-08 12:09:37.152460','2025-03-08 12:09:37.152460');
INSERT INTO instruments VALUES(18,'guitar',525,'strings','2025-03-08 12:09:37.163845','2025-03-08 12:09:37.163845');
INSERT INTO instruments VALUES(19,'soprano',10,'vocal','2025-03-08 12:09:37.178824','2025-03-08 12:09:37.178824');
INSERT INTO instruments VALUES(20,'mezzo-soprano',14,'vocal','2025-03-08 12:09:37.190449','2025-03-08 12:09:37.190449');
INSERT INTO instruments VALUES(21,'alto',20,'vocal','2025-03-08 12:09:37.201915','2025-03-08 12:09:37.201915');
INSERT INTO instruments VALUES(22,'tenor',30,'vocal','2025-03-08 12:09:37.214479','2025-03-08 12:09:37.214479');
INSERT INTO instruments VALUES(23,'baritone',32,'vocal','2025-03-08 12:09:37.222771','2025-03-08 12:09:37.222771');
INSERT INTO instruments VALUES(24,'bass',35,'vocal','2025-03-08 12:09:37.232752','2025-03-08 12:09:37.232752');
INSERT INTO instruments VALUES(25,'piano',510,'keyboard','2025-03-08 12:09:37.240324','2025-03-08 12:09:37.240324');
INSERT INTO instruments VALUES(26,'harpsichord',515,'keyboard','2025-03-08 12:09:37.246964','2025-03-08 12:09:37.246964');
INSERT INTO instruments VALUES(27,'winds',520,'instrumental ensemble','2025-03-08 12:09:37.254303','2025-03-08 12:09:37.254303');
INSERT INTO instruments VALUES(28,'woodwind quintet',523,'instrumental ensemble','2025-03-08 12:09:37.263379','2025-03-08 12:09:37.263379');
INSERT INTO instruments VALUES(29,'brass quintet',525,'instrumental ensemble','2025-03-08 12:09:37.279578','2025-03-08 12:09:37.279578');
INSERT INTO instruments VALUES(30,'string trio',550,'instrumental ensemble','2025-03-08 12:09:37.289606','2025-03-08 12:09:37.289606');
INSERT INTO instruments VALUES(31,'strings',555,'instrumental ensemble','2025-03-08 12:09:37.298131','2025-03-08 12:09:37.298131');
INSERT INTO instruments VALUES(32,'string quartet',560,'instrumental ensemble','2025-03-08 12:09:37.312390','2025-03-08 12:09:37.312390');
INSERT INTO instruments VALUES(33,'chamber ensemble',565,'instrumental ensemble','2025-03-08 12:09:37.323361','2025-03-08 12:09:37.323361');
INSERT INTO instruments VALUES(34,'chamber orchestra',570,'instrumental ensemble','2025-03-08 12:09:37.339328','2025-03-08 12:09:37.339328');
INSERT INTO instruments VALUES(35,'orchestra',580,'instrumental ensemble','2025-03-08 12:09:37.349210','2025-03-08 12:09:37.349210');
INSERT INTO instruments VALUES(36,'SATB choir',40,'vocal ensemble','2025-03-08 12:09:37.362231','2025-03-08 12:09:37.362231');
INSERT INTO instruments VALUES(37,'SSATB choir',41,'vocal ensemble','2025-03-08 12:09:37.374117','2025-03-08 12:09:37.374117');
INSERT INTO instruments VALUES(38,'STB choir',42,'vocal ensemble','2025-03-08 12:09:37.383702','2025-03-08 12:09:37.383702');
INSERT INTO instruments VALUES(39,'SSA choir',43,'vocal ensemble','2025-03-08 12:09:37.397492','2025-03-08 12:09:37.397492');
INSERT INTO instruments VALUES(40,'SAB choir',44,'vocal ensemble','2025-03-08 12:09:37.411565','2025-03-08 12:09:37.411565');
INSERT INTO instruments VALUES(41,'SSAA choir',45,'vocal ensemble','2025-03-08 12:09:37.430363','2025-03-08 12:09:37.430363');
INSERT INTO instruments VALUES(42,'TTBB choir',50,'vocal ensemble','2025-03-08 12:09:37.447953','2025-03-08 12:09:37.447953');
INSERT INTO instruments VALUES(43,'mixed voice choir',51,'vocal ensemble','2025-03-08 12:09:37.462547','2025-03-08 12:09:37.462547');
CREATE TABLE IF NOT EXISTS "liner_notes" ("id" integer PRIMARY KEY AUTOINCREMENT NOT NULL, "note" text, "work_id" integer);
INSERT INTO liner_notes VALUES(1,'In D minor, emphasizing form and structure equally with the emotional content, which is on the dark side.  Third movement is very beautiful and suitable for worship services.',156);
INSERT INTO liner_notes VALUES(2,replace(replace('November is upon us now.  In Cincinnati, brightly colored leaves remain on the trees well into November; the feeling of October lingers.  We half-delude ourselves; maybe this year will be different, maybe winter won''t come.  But November has finally set in, even here in  Ohio''s southernmost (and most Southern) city.\r\n\r\nMy Trio #3 for clarinet, cello and piano is subtitled "Shadows of November."  The subtitle sounds better in French: "Les Ombres de Novembre." That''s how it appears on the score''s cover page because I wrote it for a superb French clarinetist, my good friend Lucien Aubert, and the trio in which he played, who called themselves "les Gavottes."\r\n\r\nYou''re invited to listen to the final movement, 3.5 minutes long, as recorded by les Gavottes. Gosh, they''re good!  You''re going to love this, I predict.\r\n\r\nIt might not sound November-ish, so let me explain.  There are three movements in this work.  The first movement is ambiguous, like a November fog.  The second movement is deeply mournful, perhaps the saddest music I''ve written.  Then comes the third movement, the one I want to share with you this evening.\r\n\r\nTo me, this music expresses the bracing, exuberant, almost vulgar zest of November.  We hunker down, snuggle into a cozy chair, stretch our legs in front of the fire, drink red wine, tell funny stories and laugh with our friends even as, outside, the freezing rain is slicing through the evening air.  Half way through this movement the music becomes so spirited that it almost sounds like a high school band determinedly performing a half-time show in a heavy, pebble-y hail of sleet.  \r\n\r\nThis music is jovial yet biting, as if to say:  the great god Pan never dies, the energy of life is forever reaffirmed.  Which reminds me of a poem I wrote.\r\n\r\nI''ve written five books, but very little poetry.  A few years ago, however, circumstances forced me to devise some words for a November-ish tune of mine which I wanted to include in a choral work.  Choristers need words to sing, so I was forced to become, for once, a lyricist as well as a composer.  I set myself to the task, bore down, wouldn''t quit until I''d come up with something suitable.  \r\n\r\nI think the words I came up with express the same ideas about November that are expressed musically in this trio.  \r\n\r\nHere''s the poem, such as it is.\r\n\r\nLife''s Oldest Song\r\n\r\nGone now are the autumn leaves, \r\nto cold earth they have fled, \r\nand all of the trees seem dreary now \r\nthat once were yellow and red. \r\n\r\nOver us now cold winds are blowing, \r\nmourning the passing of fall, \r\nreminding us of the truth immutable: \r\ndeath comes to us all. \r\n\r\nSuch words we cannot gainsay. \r\nThis truth to all is known, \r\nand we feel it most keenly this time of year, \r\nwhen autumn colors have flown.  \r\n\r\nYet look again at field and forest, \r\nstudy the stubble and twig: \r\na hint of color foretells a blossom \r\nwill bloom forth from each sprig. \r\n\r\nSo friends, let us gather now \r\nand sing Life''s Oldest Song, \r\nreminding ourselves to love that well \r\nwhich we must leave ere long, \r\n\r\nConsoling one another''s sorrows, \r\nraising our voices high, \r\nliving life more fully though knowing \r\nthat, like leaves, we must fly.\r\n\r\nMy Trio #3, "Shadows of November," was recorded by Les Gavottes.\r\n\r\nRick Sowash\r\nCincinnati, OH   \r\nNovember, 2013\r\n','\r',char(13)),'\n',char(10)),55);
INSERT INTO liner_notes VALUES(3,replace(replace('Gifts are on many people''s minds, this time of year.  You may not think of it this way, but you are gifting me by allowing me to share these musical messages with you.  When artists know their work is engaging an audience, even a small one, It means so much that it feels like a gift. Thank you.\r\n\r\nThis time I want to share a short original Christmas carol (2:48; the fourth link on the list above).\r\n\r\nNon-Christian friends and fans, please pardon the Christmas reference.  It''s not my intention to proselytize.  What I want to share is the sweetness of the tune, for its own sake, the Christian content aside.\r\n\r\nThe carol is sung by Jose Rubio, a wonderful baritone who used to live in the apartment right above ours, here on Milton Street in Cincinnati.  It was a joy to hear him vocalizing upstairs!  \r\n\r\nIn this recording, Jose sings the carol with such warmth and feeling that I fancy I can hear him smiling as he sings.  And I love the way rolls his ''r''s.\r\n\r\nAs befits a carol, the tune is simple and doesn''t vary through the four verses.  Instead, it’s the accompaniment that differs for each verse:  the piano is tone-painting the ideas expressed in the lyrics.  \r\n\r\nTo see how this is done, follow the words as you listen:\r\n\r\nOn Christmas morn the birds all wake and fly, cu-roo, \r\nto seek the Child with wand''ring cry, cu-roo, cu-roo, \r\nthe thrush, the swallow, the bluebird small, \r\nthey gather round His cradle stall, cu-roo, cu-roo, cu-roo. \r\n\r\nThe crow and jay their raucous cries do still, cu-roo, \r\nto join the dove and whippoorwill, cu-roo, cu-roo, \r\nthe larks in exultation sing \r\nto glorify their newborn King, cu-roo, cu-roo, cu-roo.     	       \r\n\r\nOn silent wings the wise-eye''d owls descend, cu-roo, \r\nthe falcon and the sweet brown wren, cu-roo, cu-roo, \r\nwith quail and pheasant by Mary''s side \r\nthe folk of field and glen abide, cu-roo, cu-roo, cu-roo. \r\n\r\nThe feather''d choir its cheerful an-thems raise, cu-roo, \r\nto warm the frosty dawn with praise cu-roo, cu-roo, \r\nand with the angel host above, \r\nthey greet the tiny Bird of Love, cu-roo, cu-roo.\r\n\r\nThe tune for this carol came to me in a dream in the Fall of 1978.  This has happened only three or four times.  I woke up and wrote it down, quickly!  I was afraid I''d forget it.  I always thought the tune sounded like a Christmas carol; later I added appropriate words.\r\n\r\nIn scoring the tune, I had the idea of including, in the piano part, quotations of one of the world’s most famous melodies.  Several times and especially at the end, you''ll hear the piano accompaniment quoting the opening of J.S. Bach''s most famous tune, "Jesu, Joy of Man''s Desiring." \r\n\r\nBach’s “Jesu” tune is one of the greatest melodies ever conceived, ever-fresh, always a blessing.  What gifts old Bach left for us!  \r\n\r\nJose Rubio is joined by Avedis Manoogian in the recording above.\r\n\r\n\r\n','\r',char(13)),'\n',char(10)),67);
INSERT INTO liner_notes VALUES(4,replace(replace('The tune for this carol came to me in a dream in the Fall of 1978.  This has happened only three or four times.  I woke up and wrote it down, quickly!  I was afraid I''d forget it.  I always thought the tune sounded like a Christmas carol; later I added appropriate words.\r\n\r\nIn scoring the tune, I had the idea of including, in the piano part, quotations of one of the world’s most famous melodies.  Several times and especially at the end, you''ll hear the piano accompaniment quoting the opening of J.S. Bach''s most famous tune, "Jesu, Joy of Man''s Desiring." \r\n\r\nBach’s “Jesu” tune is one of the greatest melodies ever conceived, ever-fresh, always a blessing.  What gifts old Bach left for us!  \r\n\r\nThe following Spring I wrote a set of variations on the tune, the final movement of my Serenade for Mary (not the Virgin Mary of ancient Galilee, by the way; rather my friend Mary Hoffman of Columbus, Ohio).  \r\n\r\nThe Serenade is scored for flute, clarinet and string quartet.  After more than thirty years, I finally got it recorded and released on a CD of my music entitled "Serenade."  \r\n\r\nListen for the wonderful, expressive playing of clarinetist Michelle Gingras and flutist Betty Douglas.  The strings play beautifully, too:  violinists: Kris Frankenfeld and Elizabeth Steva, violist Dorotea Vismara Hoffman and cellist Ellen Shertzer.  I was fortunate to recruit such fine musicians for this recording and a first-rate recording engineer, too, in the person of John Burgess.  Cincinnati is a remarkably musical city and there are many musically gifted people here.\r\n\r\nRick Sowash\r\nCincinnati, OH\r\n','\r',char(13)),'\n',char(10)),40);
INSERT INTO liner_notes VALUES(5,replace(replace('Did you ever listen to a painting?  I have.  For hours at a time.  \r\n\r\nFor eight and a half years, I worked two or three days a week as a security guard at the Cincinnati Art Museum, keeping watch over fabulous treasures displayed in large, echoing galleries.  When there were no visitors, I sometimes amused myself by trying to imagine what a painting would sound like if its subject matter were to be conveyed musically.\r\n\r\nThat little mental puzzle resulted in my two three-movement "Impressionist Suites" for oboe, clarinet and bassoon, each movement conveying the imagery and brushwork of a major French Impressionist painter.\r\n\r\nThe Cincinnati Art Museum has only one painting by Monet, but it''s a doozie.  He renders the sombre cliffs of his native Normandy in tones of deep, dark rust and sets them in a tossing, vibrant ocean of sapphire, indigo, emerald and mint, dashed with strokes of salmon, magenta and lavender, arched by clouds like sherbet in a pink-orange sky.\r\n\r\nHow can a composer catch that in music?\r\n\r\nBy consulting his memory.  Our understanding of music is shaped by our memories of all the music we have heard.  When I ran a search through my memory for nautical-sounding music, my recollections were awash with half-remembered sea chanteys, fragments from "HMS Pinafore," "La Mer" and the stirring scores of many a swashbuckling pirate movie.   \r\n\r\nI thought of the ''colors'' of those three piquant instruments:  oboe, clarinet and bassoon.  I put those three instruments to work, playing a canon.  You''ll hear it right off in the low bassoon, then an octave higher in the clarinet, then yet another octave higher in the oboe ... and we''re away! like a ship with sails bellying into the wind! I Into the tossing, dazzling, salt-tanged seascape Monet evoked so memorably.\r\n\r\nI wrote my two Impressionist Suites in 2000 for my friend Lucien Aubert, clarinetist in Le trio d’anches Ozi.  Since these are Frenchmen playing for French audiences, I thought a suite about French Impressionist painters might please all concerned.  And it has.  This Monet movement will please you, too, hopefully. It''s played -- beautifully! -- by Mark Ostoich, Ron Aufmann and Mark Ortwein.\r\n\r\nRick Sowash\r\nCincinnati, OH   \r\nJanuary 12, 2013\r\n\r\n','\r',char(13)),'\n',char(10)),36);
INSERT INTO liner_notes VALUES(6,replace(replace('Introducing ... “The Unicorn,” a keyboard piece I wrote in 1976.\r\n\r\nClassical music does not age.  Listening, could you have guessed when it was written?  Recently?  or years ago?  It''s as fresh as cookies just out of the oven.  \r\n\r\nThat is an apt image for today -- my 64th birthday (I''m writing this on January 16) because Jo has busied herself all morning baking molasses crinkles, my favorite cookie; our apartment is warm and fragrant. \r\n\r\nThis music was inspired by Odell Shepard''s The Lore of the Unicorn, a scholarly yet delightful study of the origins and implications of our most beautiful animal myth.  As I read the book, a galloping rhythm kept running through my head, the opening phrase of this delicate piece.  \r\n\r\nI scored the music for harpsichord because the sound of that instrument is, like the unicorn myth itself, peculiar, fragile and antique (though the piece can also be played with good effect upon the piano).\r\n\r\nHarpsichordist Barbara Harbach plays it with sensitivity and flair.  It was her idea to arpeggiate many of the chords and to vary the customary twang of the instrument by using the more delicate lute stop now and again.\r\n\r\nWhen I hear this music, I picture a shy creature, smaller, more graceful than a deer, with grave, dark eyes, gamboling in the moonlight.  Tentatively, cautiously, she approaches, allows herself to be briefly caressed, then caracoles away, looks back mysteriously once or twice, then disappears.\r\n\r\nRick Sowash\r\nCincinnati, OH   \r\nJanuary 19, 2014\r\n\r\n','\r',char(13)),'\n',char(10)),92);
INSERT INTO liner_notes VALUES(7,replace(replace('We are yearning for Spring, but it seems such a long way off...\r\n\r\nIn lieu of Spring, here at least is my Pastorale for flute, violin, viola and cello (1979) played beautifully by Cincinnati musicians:  flutist Betty Douglas, violinist Marian Peraza, violist Dorotea Hoffman and cellist Ellen Shertzer.  \r\n\r\nThis piece was commissioned by Bill Dittoe, an architect who wanted to surprise his wife, Pat, with something special at the housewarming for their new home (which he designed).  When the party was in full swing the musicians and I crept in the back door and set up music stands in a side room.  \r\n\r\nAt the appropriate moment, Bill bade his guests be silent and drew back a partition, revealing -- to everyone''s surprise -- the musicians, seated, music stands in place, instruments in hand, ready to play the world premiere.  \r\n\r\nThey played their hearts out and everyone loved it.  The happy couple embraced and the musicians were roundly toasted as was the composer, somewhat out of place at such a moment, with nothing really to do but stand there and smile, with his hands in his pockets.  \r\n\r\nThe music is simple and tender, and it''s in the good old key of C major, which my high school band teacher, Mr. Jan Dunlap, used to say was “Nature’s own key.”\r\n\r\nRick Sowash\r\nCincinnati, OH \r\nFeb. 1, 2014\r\n','\r',char(13)),'\n',char(10)),28);
INSERT INTO liner_notes VALUES(8,replace(replace('Happy Valentine''s Day!\r\n\r\nMy valentine to you is this little Romance from my suite entitled Ceremony for flute and cello (2011).  It''s performed by Betty Braunstein and Josh Aerie, the musicians who requested that I write it.  They wanted music they could play at weddings when there would be no piano available, the musical forces being only the two of them:  a flutist and a cellist.\r\n\r\nImagining what I fancied would be appropriate music for a wedding ceremony, I wrote a work in five short movements, which are entitled:\r\n\r\n	I. The Prelude\r\n	II. The Processional\r\n	III. The Ceremony: Romance\r\n	IV. The Recessional\r\n	V. The Postlude\r\n\r\nAs you see, the Romance is the middle movement, to be played in the middle of the wedding.  I know that it''s not usual for music to be played during the actual ceremony, during the exchanging of vows.   But what if music were to be played during that amazing moment when a couple publicly affirms their love and commitment, symbolized ceremonially with the rings?  What would be the right music for that moment?\r\n\r\nThe music would have to be tender, sweet, delicate, and romantic, yes -- but not overstated, please.  Nothing like the soaring exultation of Tchaikovsky''s Romeo and Juliet or Max Steiner''s great love theme from Now, Voyager (as if I could even write such wonderful tunes ... I wish!)\r\n\r\nI tried to write something simple and sincere, perhaps quietly expressing my own love story, married to the same remarkable woman for 42 years and counting. \r\n\r\nRick Sowash\r\nCincinnati, OH \r\nFeb. 14, 2014\r\n','\r',char(13)),'\n',char(10)),65);
INSERT INTO liner_notes VALUES(9,replace(replace('For a good many, this winter is the most miserable in recent memory.  We need something to make us smile. \r\n\r\nLet''s make off to sunny ancient Greece and spend a little time with that lovable cuss, Diogenes!\r\n\r\nI offer you The Philosopher, the first movement of a three-movement choral work entitled: Philosophical Anecdotes.\r\n\r\nI wrote this piece in 1979 for the Kenyon College Choir.  I thought about the students who would sing it.  They study philosophy and classics; surely they''d like to sing something sublime, ancient, Greek.  But Kenyon students also have a sense of the irony of their situation, pursuing the liberal arts in Gambier, Ohio, surrounded by cornfields.\r\n\r\nI remembered Diogenes, the great curmudgeon.  An ancient Greek philosopher, yes, but a wag, a grump, a mocker of mundane values.  I thought that irreverent settings of anecdotes about a guy like Diogenes might appeal to the students.  It did!  They sang the music with gusto!\r\n\r\nThree of Diogenes'' exploits are recounted in the piece.  The first movement, The Philosopher, sets to music a prose account of the old grump’s most celebrated moment, when he snubs Alexander the Great.  The opening words of the story have a distinctive calypso rhythm.  Recite them yourself:  "The philosopher Diogenes lived in a tub!"  Snap your fingers as you half-speak/half-sing those words.  Accent the important syllables and, bingo, you''ve got the opening of my setting, and thus the mood for the whole piece, an improbable combination of ancient Athens and calypso music!\r\n\r\nI love to write rounds.  Choirs learn them quickly and easily.  Singing a round, a choir can sound terrific after only a few minutes of rehearsal.  My setting of those words about Diogenes just happened to make a couple of mighty fine rounds!  You''ll hear them sung first in unison, then in parts.\r\n\r\nThe second movement recounts Diogenes'' famous search, with a lantern, in broad daylight, for an honest man, the third his contemptuous quip upon visiting a country fair, "Lord, how many things there are in the world of which Diogenes hath no need!"  Those movements are funny, too, but let''s hear them for some other time.\r\n\r\nFor now, you''re cordially invited to pass three minutes in the company of Diogenes.  Don''t expect much from him!  Alexander the Great would have done anything for Diogenes, but the philosopher''s only request of the most powerful man in the world was that he get out of his light. \r\n\r\nHa!  You have to love the old rascal!\r\n\r\nPhilosophical Anecdotes is performed here by The Gregg Smith Singers.\r\n\r\nRick Sowash\r\nCincinnati, OH   \r\nJanuary 26, 2014\r\n','\r',char(13)),'\n',char(10)),94);
INSERT INTO liner_notes VALUES(10,replace(replace('The Harvard University Choir recorded a beautiful rendition of a piece I wrote for them called:  “An Appalachian Lord''s Prayer.”\r\n\r\nYou are among the first to hear this piece!  This recording is not on any CD.  I can share, however, because there is such a thing as an mp3.  What times we live in, when such things are possible!\r\n\r\nWhat makes it "An Appalachian Lord''s Prayer?  The words and the melody.  \r\n\r\nI adapted the traditional Lord''s Prayer, adding some Appalachian imagery.  Here is the text:\r\n\r\n	Beloved God, beyond the mountains, hallowed be Thy name, \r\n	Thy kin-dom come, Thy will be done on earth as it is in heaven. \r\n	Give us this day our daily bread and forgive us our debts \r\n	as we forgive our debtors and lead us not into temptation. \r\n	Deliver us, we pray, from evil, for Thine is the kin-dom, \r\n	the power of morning, the sunset glory, now and forever more. Amen. \r\n\r\nThe music is not "Appalachian" in the sense of "Yahoo!" and/or  "Yee-hah!"  It''s not Bluegrass. \r\n\r\nInstead, the tune recalls those beautiful pentatonic Southern folk hymns, such as "The Lone Wild Bird," My Shepherd Will Supply My Need" and "Jerusalem, My Happy Home."\r\n\r\nRick Sowash\r\nCincinnati, OH\r\nOctober, 2013\r\n','\r',char(13)),'\n',char(10)),14);
INSERT INTO liner_notes VALUES(11,replace(replace('Today I''m thinking about heroes, what makes a hero, and how to express heroism musically.\r\n\r\nI''ve known some heroes.  My father, Colonel Richard Sowash, US Army Reserves, was a decorated hero of WWII.  My Piano Trio #5, "Eroica," written in 2000, is dedicated to his memory.  \r\n\r\nMy Scoutmaster, Frank Culp, was a hero to me and to many other young men who came through Troop 152 in Lexington, Ohio.  \r\n\r\nMy grandfather, John Hoff, whose influence was the most important in my life, about whom I wrote lovingly in my otherwise comical autobiography, The Boy Who Would Be Famous, entertained and inspired me, as a boy, with splendid stories of heroes from American history.\r\n\r\nFifteen years ago I wrote a book for older elementary school children entitled, "Heroes of Ohio:  23 True Tales of Courage and Character," dedicated to that same grandfather.   For that book, my definition of a hero was:  someone who volunteers to do something challenging to help other people.  Simple!\r\n\r\nExpressing heroism musically is not so simple.  \r\n\r\nComposers have expressed heroism:  Beethoven''s Eroica Symphony, Wagner''s Gotterdammerung, Strauss'' Ein Heldenleben.\r\n\r\nBut they lived long ago and far away and their heroic music, great as it may be, feels remote, perhaps too lofty, as an expression of heroism in the "here and now" of our own time.\r\n\r\nToo, those are orchestral works.  When I set out to express heroism, I was writing for just three instruments:  violin, cello and piano.  Quite a different thing!  No brass, no timpani, no string and wind sections sawing and tooting, triple forte.\r\n\r\nMost of the heroic music that genuinely moves me reached my ears via film scores for great Hollywood westerns like The Magnificent Seven, How The West Was Won, The Big Country. Also the TV westerns I grew up watching:  Wagon Train, Bonanza.  To me, that is what the music of heroism sounds like.\r\n\r\nYet not exactly, not entirely.  After all, I am not a composer writing scores for Hollywood westerns.  My peculiar career has been as far removed from Hollywood as it has been from Academe or the New York avant garde.  My challenge was to find a way to incorporate the galloping excitement, the expansive textures and the sense of adventure found in the best western film scores into a work of serious, contemporary chamber music.\r\n\r\nThe result is this Presto, the final movement from my Piano Trio #5, "Eroica," in which a feeling of heroism is intended to prevail over the darker, troubled music of the earlier movements.\r\n\r\nDoes this final movement sound "too Hollywood?"  I don''t think so.  You''d never hear music like this in a western film score.  Does it genuinely express heroism, in a way that transcends the Hollywood influences?  See what you think.\r\n\r\nThe Presto from my Eroica trio is beautifully performed by violinist Laura Bossert, cellist Terry King and pianist Phil Amalong.\r\n\r\nRick Sowash\r\nCincinnati, OH \r\nFeb. 23, 2014\r\n','\r',char(13)),'\n',char(10)),37);
INSERT INTO liner_notes VALUES(12,replace(replace('Mardi Gras!  This coming Tuesday!   My church, Mt. Auburn Presbyterian, will put on its annual Shrove Tuesday Pancake Supper and a certain composer you know is the chef de cuisine!  A team of flapjack flippers will serve up home-made cornmeal-buttermilk pancakes alongside the best sausage to be had in Cincinnati, a city famous for its sausage.  What''s more, a Dixieland band will have us stompin'' and struttin'', throughout the evening.  We''re expecting about 200 to attend.  It''s a blast and I wish you and all my other friends and fans could be there.\r\n\r\nOne of the tunes the band will play, along with traditional New Orleans standards, will be a tune of mine, entitled "Beignets and Gelato."  It''s an homage to the Crescent City where we''ve enjoyed three week-long visits over the last four years.  We do love it so!  We long to return. Such a fun-loving, lovable city!\r\n\r\nI want you to hear my only foray into Dixieland -- in its original orchestral setting.\r\n\r\nIn 2011, the Heartland Symphony Orchestra (a spirited community orchestra serving Brainerd and Little Falls, Minnesota) commissioned me to write an orchestral suite in honor of the orchestra''s 35th anniversary.  I wrote a half-hour piece called North Country Suite which they premiered in April of 2012.  \r\n\r\nSince the Mississippi originates in northern Minnesota I decided to portray that great, vast, storied river in the suite''s third movement, entitled "Father of Waters" -- that''s what the word "Mississippi" once meant in a Native American language. \r\n\r\nThe movement begins almost inaudibly;  you won''t hear much in the first few seconds.\r\n\r\nThen come tentative, trickling fragments of tunes, an evocation of the bubbling of springs and the coalescing of little streams and creeks, already with a few jazzy "Blue" notes.  These come together in a broad, rolling theme with a distinctively American, Western feel and then, just when the movement seems to end (about three and a half minutes through), comes a surprise:  the music goes Dixieland! ... because, of course, the Mississippi culminates in "N''awlins!"  \r\n\r\nThe Dixieland music is familiar-sounding because I deliberately wrote it in a very familiar style -- but the tune is original, I assure you -- that''s my tune, "Beignets and Gelato."\r\n\r\nI even included a banjo part, hoping the orchestra could locate a banjo player.   Sure enough, at the premiere, the concert mistress'' banjo-playing father was featured, his first performance before a crowd, and looking very trim and handsome, in his tuxedo!\r\n\r\nJosh Aerie conducts the Heartland Symphony Orchestra''s  in the live, premiere performance of the "Father of Waters" movement from my North Country Suite.\r\n\r\nRick Sowash\r\nCincinnati, OH \r\nMarch 2, 2014\r\n','\r',char(13)),'\n',char(10)),137);
CREATE TABLE IF NOT EXISTS "works" ("id" integer PRIMARY KEY AUTOINCREMENT NOT NULL, "title" varchar DEFAULT NULL, "composed_in" integer DEFAULT NULL, "revised_in" integer DEFAULT NULL, "genre_id" integer DEFAULT NULL, "created_at" datetime(6) NOT NULL, "updated_at" datetime(6) NOT NULL, "lyricist" varchar DEFAULT NULL, "ascap" boolean DEFAULT NULL, CONSTRAINT "fk_rails_a1441ff0e0"
FOREIGN KEY ("genre_id")
  REFERENCES "genres" ("id")
);
INSERT INTO works VALUES(1,'The Wisest Singer',1994,NULL,15,'2025-03-08 12:09:51.133641','2025-03-08 12:09:51.133641','Guigo the Carthusian',1);
INSERT INTO works VALUES(2,'Night Thoughts',1986,NULL,15,'2025-03-08 12:09:51.154607','2025-03-08 12:09:51.154607','Robert Louis Stevenson',1);
INSERT INTO works VALUES(3,'The Endless Tapestry',2007,NULL,15,'2025-03-08 12:09:51.170647','2025-03-08 12:09:51.170647','Odell Shepard',1);
INSERT INTO works VALUES(4,'Who Shall Soothe',2003,NULL,15,'2025-03-08 12:09:51.188170','2025-03-08 12:09:51.188170','Walt Whitman',1);
INSERT INTO works VALUES(5,'Benjamin Franklin Gives Thanks',2007,NULL,15,'2025-03-08 12:09:51.210276','2025-03-08 12:09:51.210276','Benjamin Franklin',1);
INSERT INTO works VALUES(6,'Clean Up!',2010,NULL,15,'2025-03-08 12:09:51.231398','2025-03-08 12:09:51.231398','George Bernard Shaw',1);
INSERT INTO works VALUES(7,'Blessings Flow',2002,NULL,15,'2025-03-08 12:09:51.249182','2025-03-08 12:09:51.249182','Alvin Schutmatt',1);
INSERT INTO works VALUES(8,'We’ve Come to Know',2001,NULL,15,'2025-03-08 12:09:51.269587','2025-03-08 12:09:51.269587','W.B. Ignatius',1);
INSERT INTO works VALUES(9,'Let Your Boat of Life Be Light',1986,NULL,15,'2025-03-08 12:09:51.287209','2025-03-08 12:09:51.287209','Jerome K.Jerome',1);
INSERT INTO works VALUES(10,'The Ashes of Dead Stars',2001,NULL,15,'2025-03-08 12:09:51.304683','2025-03-08 12:09:51.304683','Steve Van Kuiken',1);
INSERT INTO works VALUES(11,'The Harvest of a Quiet Eye',2010,NULL,14,'2025-03-08 12:09:51.329441','2025-03-08 12:09:51.329441','Odell Shepard',1);
INSERT INTO works VALUES(12,'Open as the Sky',2010,NULL,16,'2025-03-08 12:09:51.369180','2025-03-08 12:09:51.369180','Lao Tzu',1);
INSERT INTO works VALUES(13,'Alleluia',2000,NULL,15,'2025-03-08 12:09:51.386703','2025-03-08 12:09:51.386703','anon',1);
INSERT INTO works VALUES(14,'An Appalachian Lord’s Prayer',2010,NULL,15,'2025-03-08 12:09:51.407811','2025-03-08 12:09:51.407811','anon',1);
INSERT INTO works VALUES(15,'Ask What Makes You Come Alive',2010,NULL,15,'2025-03-08 12:09:51.424406','2025-03-08 12:09:51.424406','Howard Thurman',1);
INSERT INTO works VALUES(16,'Be Still',2006,NULL,15,'2025-03-08 12:09:51.439485','2025-03-08 12:09:51.439485','Psalm 46',1);
INSERT INTO works VALUES(17,'For the Blessings of the Field',2010,NULL,16,'2025-03-08 12:09:51.455311','2025-03-08 12:09:51.455311','Anna Barbaud',1);
INSERT INTO works VALUES(18,'I Will Lift Up Mine Eyes',2014,NULL,16,'2025-03-08 12:09:51.469009','2025-03-08 12:09:51.469009','Psalms',1);
INSERT INTO works VALUES(19,'The Lake of the Mind',2010,NULL,16,'2025-03-08 12:09:51.484272','2025-03-08 12:09:51.484272','Paramahansa Yogananda',1);
INSERT INTO works VALUES(20,'Where Your Treasure Is',2010,NULL,16,'2025-03-08 12:09:51.501138','2025-03-08 12:09:51.501138','Bible',1);
INSERT INTO works VALUES(21,'Three Songs from The Harvest of a Quiet Eye',1981,NULL,9,'2025-03-08 12:09:51.519303','2025-03-08 12:09:51.519303','Odell Shepard',1);
INSERT INTO works VALUES(22,'The Creative Love of God',2007,NULL,15,'2025-03-08 12:09:51.534257','2025-03-08 12:09:51.534257','Tim McGinley',1);
INSERT INTO works VALUES(23,'A Thought From God',1999,NULL,15,'2025-03-08 12:09:51.544851','2025-03-08 12:09:51.544851','Marcie Hans',1);
INSERT INTO works VALUES(24,'Incarnation',1992,NULL,9,'2025-03-08 12:09:51.554010','2025-03-08 12:09:51.554010','Heraclitus',1);
INSERT INTO works VALUES(25,'Pirate Treasure',1981,NULL,10,'2025-03-08 12:09:51.564449','2025-03-08 12:09:51.564449','Abbie Farwell Brown',1);
INSERT INTO works VALUES(26,'As Surely As the Sunset',1977,NULL,11,'2025-03-08 12:09:57.100966','2025-03-08 12:09:57.100966','H.D. Thoreau',1);
INSERT INTO works VALUES(27,'Concerto for Clarinet & Orchestra',2007,NULL,7,'2025-03-08 12:09:57.129846','2025-03-08 12:09:57.129846',NULL,1);
INSERT INTO works VALUES(28,'Pastorale for flute & strings',1979,NULL,5,'2025-03-08 12:09:57.155598','2025-03-08 12:09:57.155598',NULL,1);
INSERT INTO works VALUES(29,'Little Suite in G',2008,NULL,4,'2025-03-08 12:09:57.184928','2025-03-08 12:09:57.184928',NULL,1);
INSERT INTO works VALUES(30,'Harbachsichord:  Suite in C',1990,NULL,4,'2025-03-08 12:09:57.203151','2025-03-08 12:09:57.203151',NULL,1);
INSERT INTO works VALUES(31,'A Hero’s Prayer',2000,NULL,5,'2025-03-08 12:09:57.223515','2025-03-08 12:09:57.223515',NULL,1);
INSERT INTO works VALUES(32,'Trio #2 for violin, clarinet & piano: American Variations on a Belorussian Folk tune',1994,NULL,5,'2025-03-08 12:09:57.248790','2025-03-08 12:09:57.248790',NULL,1);
INSERT INTO works VALUES(33,'Trio #3 for violin, clarinet & piano: Memories of Corsica',2007,NULL,5,'2025-03-08 12:09:57.273749','2025-03-08 12:09:57.273749',NULL,1);
INSERT INTO works VALUES(34,'Trio #1 for violin, clarinet & piano: Sunny Days',1994,NULL,5,'2025-03-08 12:09:57.302248','2025-03-08 12:09:57.302248',NULL,1);
INSERT INTO works VALUES(35,'Convivial Suite',1999,NULL,5,'2025-03-08 12:09:57.345240','2025-03-08 12:09:57.345240',NULL,1);
INSERT INTO works VALUES(36,'Impressionist Suite #1',2000,NULL,5,'2025-03-08 12:09:57.370809','2025-03-08 12:09:57.370809',NULL,1);
INSERT INTO works VALUES(37,'Piano Trio #5:  Eroica',2000,NULL,5,'2025-03-08 12:09:57.400723','2025-03-08 12:09:57.400723',NULL,1);
INSERT INTO works VALUES(38,'Father’s Day Suite',2005,NULL,5,'2025-03-08 12:09:57.425854','2025-03-08 12:09:57.425854',NULL,1);
INSERT INTO works VALUES(39,'Suite for Three Violins',1989,NULL,5,'2025-03-08 12:09:57.446041','2025-03-08 12:09:57.446041',NULL,1);
INSERT INTO works VALUES(40,'Variations on an Original Christmas Carol',2005,NULL,5,'2025-03-08 12:09:57.459855','2025-03-08 12:09:57.459855',NULL,1);
INSERT INTO works VALUES(41,'Serenade for Mary: A Musical Get Well Card',1979,NULL,5,'2025-03-08 12:09:57.479604','2025-03-08 12:09:57.479604',NULL,1);
INSERT INTO works VALUES(42,'Trio con Brio',1999,NULL,5,'2025-03-08 12:09:57.503818','2025-03-08 12:09:57.503818',NULL,1);
INSERT INTO works VALUES(43,'Clarinet Quintet',1995,NULL,5,'2025-03-08 12:09:57.523160','2025-03-08 12:09:57.523160',NULL,1);
INSERT INTO works VALUES(44,'Mt. Airy Wedding Suite',1993,NULL,5,'2025-03-08 12:09:57.542010','2025-03-08 12:09:57.542010',NULL,1);
INSERT INTO works VALUES(45,'Spring Fever Suite',1989,NULL,5,'2025-03-08 12:09:57.575871','2025-03-08 12:09:57.575871',NULL,1);
INSERT INTO works VALUES(46,'Three Piquant Pieces',1977,NULL,5,'2025-03-08 12:09:57.600533','2025-03-08 12:09:57.600533',NULL,1);
INSERT INTO works VALUES(47,'Picket Fence',1977,NULL,5,'2025-03-08 12:09:57.636820','2025-03-08 12:09:57.636820',NULL,1);
INSERT INTO works VALUES(48,'Three American Perennials',1974,NULL,5,'2025-03-08 12:09:57.652032','2025-03-08 12:09:57.652032',NULL,1);
INSERT INTO works VALUES(49,'Trio #7 for clarinet, cello & piano:  The Philosopher Visits a Country Fair',2004,NULL,5,'2025-03-08 12:09:57.670517','2025-03-08 12:09:57.670517',NULL,1);
INSERT INTO works VALUES(50,'Trio #10 for clarinet, cello & piano:  Winds of May',2003,NULL,5,'2025-03-08 12:09:57.696366','2025-03-08 12:09:57.696366',NULL,1);
INSERT INTO works VALUES(51,'Trio #8 for clarinet, cello & piano:  Two Self-Portraits',2003,NULL,5,'2025-03-08 12:09:57.714865','2025-03-08 12:09:57.714865',NULL,1);
INSERT INTO works VALUES(52,'Trio #5 for clarinet, cello & piano:  In the Classical Style',2002,NULL,5,'2025-03-08 12:09:57.733718','2025-03-08 12:09:57.733718',NULL,1);
INSERT INTO works VALUES(53,'Trio #2 for clarinet, cello & piano:  Enchantment of April',2002,NULL,5,'2025-03-08 12:09:57.753896','2025-03-08 12:09:57.753896',NULL,1);
INSERT INTO works VALUES(54,'Trio #1 for clarinet, cello & piano:  Voyage of the Spirit',1998,NULL,5,'2025-03-08 12:09:57.772741','2025-03-08 12:09:57.772741',NULL,1);
INSERT INTO works VALUES(55,'Trio #3 for clarinet, cello & piano:  November Shadows',2002,NULL,5,'2025-03-08 12:09:57.810119','2025-03-08 12:09:57.810119',NULL,1);
INSERT INTO works VALUES(56,'Harvest Hymn and Harvest Dance',1980,NULL,5,'2025-03-08 12:09:57.836097','2025-03-08 12:09:57.836097',NULL,1);
INSERT INTO works VALUES(57,'A Little Breakfast Music',1976,NULL,5,'2025-03-08 12:09:57.854407','2025-03-08 12:09:57.854407',NULL,1);
INSERT INTO works VALUES(58,'The Cliffs Above the Clear Fork',1980,NULL,5,'2025-03-08 12:09:57.870234','2025-03-08 12:09:57.870234',NULL,1);
INSERT INTO works VALUES(59,'Une Pavane Américaine:  Homage to Ravel',1990,NULL,5,'2025-03-08 12:09:57.889493','2025-03-08 12:09:57.889493',NULL,1);
INSERT INTO works VALUES(60,'Cape May Suite',1993,NULL,5,'2025-03-08 12:09:57.913237','2025-03-08 12:09:57.913237',NULL,1);
INSERT INTO works VALUES(61,'Trio #4 for violin, clarinet & piano: Images of Mt. Emily',2011,NULL,5,'2025-03-08 12:09:57.939520','2025-03-08 12:09:57.939520',NULL,1);
INSERT INTO works VALUES(62,'World Enough and Time',1989,NULL,5,'2025-03-08 12:09:57.956964','2025-03-08 12:09:57.956964',NULL,1);
INSERT INTO works VALUES(63,'Four Places on the Appalachian Trail',1992,NULL,5,'2025-03-08 12:09:57.977692','2025-03-08 12:09:57.977692',NULL,1);
INSERT INTO works VALUES(64,'Sir Gawain & the Green Knight: A Christmas Legend',1979,NULL,5,'2025-03-08 12:09:58.003601','2025-03-08 12:09:58.003601',NULL,1);
INSERT INTO works VALUES(65,'A Christmas Ceremony for Flute & Cello',2011,NULL,5,'2025-03-08 12:09:58.039237','2025-03-08 12:09:58.039237',NULL,1);
INSERT INTO works VALUES(66,'A Christmas Rondo',1976,NULL,5,'2025-03-08 12:09:58.061273','2025-03-08 12:09:58.061273',NULL,1);
INSERT INTO works VALUES(67,'Four Carols for Baritone & Piano',1984,NULL,12,'2025-03-08 12:09:58.086030','2025-03-08 12:09:58.086030','anon.',1);
INSERT INTO works VALUES(68,'Anecdotes & Reflections',1989,NULL,5,'2025-03-08 12:10:08.036314','2025-03-08 12:10:08.036314',NULL,1);
INSERT INTO works VALUES(69,'Street Suite for violin & clarinet',1976,NULL,5,'2025-03-08 12:10:08.119917','2025-03-08 12:10:08.119917',NULL,1);
INSERT INTO works VALUES(70,'Daweswood Suite',1980,NULL,5,'2025-03-08 12:10:08.147997','2025-03-08 12:10:08.147997',NULL,1);
INSERT INTO works VALUES(71,'Piano Trio #1: Four Seasons in Bellville',1977,NULL,1,'2025-03-08 12:10:08.183021','2025-03-08 12:10:08.183021',NULL,1);
INSERT INTO works VALUES(72,'Piano Trio #2: Orientale & Galop',1980,NULL,1,'2025-03-08 12:10:08.220358','2025-03-08 12:10:08.220358',NULL,1);
INSERT INTO works VALUES(73,'Piano Trio #3:  A Christmas Divertimento',1983,NULL,1,'2025-03-08 12:10:08.258062','2025-03-08 12:10:08.258062',NULL,1);
INSERT INTO works VALUES(74,'Piano Trio #4',1983,NULL,1,'2025-03-08 12:10:08.291564','2025-03-08 12:10:08.291564',NULL,1);
INSERT INTO works VALUES(75,'Trio #4 for clarinet, cello & piano:  Conversation of the Trees',2002,NULL,1,'2025-03-08 12:10:08.324030','2025-03-08 12:10:08.324030',NULL,1);
INSERT INTO works VALUES(76,'Trio #6 for clarinet, cello & piano: Goddess of the Moon',2002,NULL,1,'2025-03-08 12:10:08.388990','2025-03-08 12:10:08.388990',NULL,1);
INSERT INTO works VALUES(77,'Trio #9 for clarinet, cello & piano: Five Women',2003,NULL,1,'2025-03-08 12:10:08.432800','2025-03-08 12:10:08.432800',NULL,1);
INSERT INTO works VALUES(78,'Sonata for Cello & Piano',1990,NULL,8,'2025-03-08 12:10:08.465254','2025-03-08 12:10:08.465254',NULL,1);
INSERT INTO works VALUES(79,'Trio #1 for Flute, Cello & Piano: Seasonal Breezes',2014,NULL,1,'2025-03-08 12:10:08.493976','2025-03-08 12:10:08.493976',NULL,1);
INSERT INTO works VALUES(80,'Dark Forest Suite for Cello & Piano',1988,NULL,5,'2025-03-08 12:10:08.523800','2025-03-08 12:10:08.523800',NULL,1);
INSERT INTO works VALUES(81,'October Reveries:  Suite for Cello & Piano',1985,NULL,5,'2025-03-08 12:10:08.551102','2025-03-08 12:10:08.551102',NULL,1);
INSERT INTO works VALUES(82,'Glory Hallelujah for Clarinet & Cello',2013,NULL,5,'2025-03-08 12:10:08.576941','2025-03-08 12:10:08.576941',NULL,1);
INSERT INTO works VALUES(83,'Sanctuary at 3 AM',2000,NULL,5,'2025-03-08 12:10:08.602266','2025-03-08 12:10:08.602266',NULL,1);
INSERT INTO works VALUES(84,'Lullabye for Kara',2002,NULL,5,'2025-03-08 12:10:08.632376','2025-03-08 12:10:08.632376',NULL,1);
INSERT INTO works VALUES(85,'Variations on a Hiking Song',1992,NULL,4,'2025-03-08 12:10:08.658150','2025-03-08 12:10:08.658150',NULL,1);
INSERT INTO works VALUES(86,'Impressionist Suite #2 for reed trio',2000,NULL,1,'2025-03-08 12:10:08.687405','2025-03-08 12:10:08.687405',NULL,1);
INSERT INTO works VALUES(87,'The View from Carew',2000,NULL,1,'2025-03-08 12:10:08.748350','2025-03-08 12:10:08.748350',NULL,1);
INSERT INTO works VALUES(88,'Trio #11 for Clarinet, Cello & Piano: We Sang, We Danced',2003,NULL,1,'2025-03-08 12:10:08.784935','2025-03-08 12:10:08.784935',NULL,1);
INSERT INTO works VALUES(89,'Trio #12 for Clarinet, Cello & Piano: Voyageurs',2003,NULL,1,'2025-03-08 12:10:08.828084','2025-03-08 12:10:08.828084',NULL,1);
INSERT INTO works VALUES(90,'Trio #13 for Clarinet, Cello & Piano: Passacaglia & Fugue',2004,NULL,1,'2025-03-08 12:10:08.856881','2025-03-08 12:10:08.856881',NULL,1);
INSERT INTO works VALUES(91,'Sunday Morning Variations',2012,NULL,4,'2025-03-08 12:10:08.885039','2025-03-08 12:10:08.885039',NULL,1);
INSERT INTO works VALUES(92,'The Unicorn ',1976,NULL,4,'2025-03-08 12:10:08.909568','2025-03-08 12:10:08.909568',NULL,1);
INSERT INTO works VALUES(93,'Theme & Six Variations',1986,NULL,4,'2025-03-08 12:10:08.934527','2025-03-08 12:10:08.934527',NULL,1);
INSERT INTO works VALUES(94,'Philosophical Anecdotes',1979,NULL,13,'2025-03-08 12:10:08.955974','2025-03-08 12:10:08.955974','trad.',1);
INSERT INTO works VALUES(95,'This I Believe',2023,NULL,5,'2025-03-08 12:10:08.979350','2025-03-08 12:10:08.979350',NULL,1);
INSERT INTO works VALUES(96,'The Swashbuckler',2024,NULL,5,'2025-03-08 12:10:09.025982','2025-03-08 12:10:09.025982',NULL,1);
INSERT INTO works VALUES(97,'Vocalise',2024,NULL,5,'2025-03-08 12:10:09.102753','2025-03-08 12:10:09.102753',NULL,1);
INSERT INTO works VALUES(98,'A Winter Night',2022,NULL,5,'2025-03-08 12:10:09.149133','2025-03-08 12:10:09.149133',NULL,1);
INSERT INTO works VALUES(99,'Trio #5 for Flute, Cello & Piano: A Pirate’s Christmas',2023,NULL,1,'2025-03-08 12:10:09.174302','2025-03-08 12:10:09.174302',NULL,1);
INSERT INTO works VALUES(100,'Pirate Variations',2022,NULL,4,'2025-03-08 12:10:09.200823','2025-03-08 12:10:09.200823',NULL,1);
INSERT INTO works VALUES(101,'Chorale Prelude',2022,NULL,4,'2025-03-08 12:10:09.220341','2025-03-08 12:10:09.220341',NULL,1);
INSERT INTO works VALUES(102,'The Neverending Melody',2022,NULL,5,'2025-03-08 12:10:09.242782','2025-03-08 12:10:09.242782',NULL,1);
INSERT INTO works VALUES(103,'Fanfare and Fugue for Four Flutes',2023,NULL,5,'2025-03-08 12:10:09.267222','2025-03-08 12:10:09.267222',NULL,1);
INSERT INTO works VALUES(104,'Joyful Fugue in F major',2022,NULL,5,'2025-03-08 12:10:09.286034','2025-03-08 12:10:09.286034',NULL,1);
INSERT INTO works VALUES(105,'Sweetness and Light',2023,NULL,5,'2025-03-08 12:10:09.307273','2025-03-08 12:10:09.307273',NULL,1);
INSERT INTO works VALUES(106,'Blues for cello',2022,NULL,4,'2025-03-08 12:10:09.330221','2025-03-08 12:10:09.330221',NULL,1);
INSERT INTO works VALUES(107,'To and Fro for cello',2022,NULL,4,'2025-03-08 12:10:09.348918','2025-03-08 12:10:09.348918',NULL,1);
INSERT INTO works VALUES(108,'A Simple Tune',2022,NULL,5,'2025-03-08 12:10:09.381611','2025-03-08 12:10:09.381611',NULL,1);
INSERT INTO works VALUES(109,'Scherzo Serioso',2022,NULL,4,'2025-03-08 12:10:09.409559','2025-03-08 12:10:09.409559',NULL,1);
INSERT INTO works VALUES(110,'Andante Intimo',2022,NULL,4,'2025-03-08 12:10:09.434864','2025-03-08 12:10:09.434864',NULL,1);
INSERT INTO works VALUES(111,'Hither and Yon',2022,NULL,4,'2025-03-08 12:10:09.458893','2025-03-08 12:10:09.458893',NULL,1);
INSERT INTO works VALUES(112,'Far and Near',2022,NULL,4,'2025-03-08 12:10:09.478829','2025-03-08 12:10:09.478829',NULL,1);
INSERT INTO works VALUES(113,'The Days of Our Glory',1977,NULL,11,'2025-03-08 12:10:16.275869','2025-03-08 12:10:16.275869','Lord Byron',1);
INSERT INTO works VALUES(114,'Prairie Prayer',1996,NULL,11,'2025-03-08 12:10:16.298353','2025-03-08 12:10:16.298353','Katherine Bryson',1);
INSERT INTO works VALUES(115,'Diana’s Songs',1999,NULL,11,'2025-03-08 12:10:16.320755','2025-03-08 12:10:16.320755','Annie Finch',1);
INSERT INTO works VALUES(116,'Three Love Songs',1998,NULL,12,'2025-03-08 12:10:16.343938','2025-03-08 12:10:16.343938','Sara Teasdale',1);
INSERT INTO works VALUES(117,'Along the River',1998,NULL,12,'2025-03-08 12:10:16.369972','2025-03-08 12:10:16.369972','James Joyce',1);
INSERT INTO works VALUES(118,'I was remembering this morning',1975,NULL,11,'2025-03-08 12:10:16.399972','2025-03-08 12:10:16.399972','Thornton Wilder',1);
INSERT INTO works VALUES(119,'The Planting of the Apple Tree',1985,NULL,11,'2025-03-08 12:10:16.421414','2025-03-08 12:10:16.421414','W.C. Bryant',1);
INSERT INTO works VALUES(120,'The Flower-fed Buffaloes',1975,NULL,11,'2025-03-08 12:10:16.442055','2025-03-08 12:10:16.442055','Vachel Lindsay',1);
INSERT INTO works VALUES(121,'The Town Beyond the Mountain',1985,NULL,11,'2025-03-08 12:10:16.459729','2025-03-08 12:10:16.459729','Odell Shepard',1);
INSERT INTO works VALUES(122,'Silvery Songs I. The Shepherd',1999,NULL,11,'2025-03-08 12:10:16.509334','2025-03-08 12:10:16.509334','Walter de la Mare',1);
INSERT INTO works VALUES(123,'Silvery Songs II. Silver',1999,NULL,11,'2025-03-08 12:10:16.537656','2025-03-08 12:10:16.537656','Walter de la Mare',1);
INSERT INTO works VALUES(124,'Silvery Songs III. The Snowflake',1999,NULL,11,'2025-03-08 12:10:16.565381','2025-03-08 12:10:16.565381','Walter de la Mare',1);
INSERT INTO works VALUES(125,'Silvery Songs IV. Wanderers',1999,NULL,11,'2025-03-08 12:10:16.589760','2025-03-08 12:10:16.589760','Walter de la Mare',1);
INSERT INTO works VALUES(126,'Silvery Songs V. Rain',1999,NULL,11,'2025-03-08 12:10:16.616262','2025-03-08 12:10:16.616262','Walter de la Mare',1);
INSERT INTO works VALUES(127,'Teasdale Songs I. A June Day',1998,NULL,11,'2025-03-08 12:10:16.641969','2025-03-08 12:10:16.641969','Sara Teasdale',1);
INSERT INTO works VALUES(128,'Teasdale Songs II.Love Me',1999,NULL,11,'2025-03-08 12:10:16.665628','2025-03-08 12:10:16.665628','Walter de la Mare',1);
INSERT INTO works VALUES(129,'Teasdale Songs III. The Tune',1999,NULL,11,'2025-03-08 12:10:16.688313','2025-03-08 12:10:16.688313','Walter de la Mare',1);
INSERT INTO works VALUES(130,'Teasdale Songs IV. Night Song at Amalfi',1999,NULL,11,'2025-03-08 12:10:16.710020','2025-03-08 12:10:16.710020','Walter de la Mare',1);
INSERT INTO works VALUES(131,'Teasdale Songs V. The Net',1999,NULL,11,'2025-03-08 12:10:16.731001','2025-03-08 12:10:16.731001','Walter de la Mare',1);
INSERT INTO works VALUES(132,'Teasdale Songs VI. The Sea Lover',1999,NULL,11,'2025-03-08 12:10:16.771736','2025-03-08 12:10:16.771736','Walter de la Mare',1);
INSERT INTO works VALUES(133,'Teasdale Songs VII. Let it Be You',1999,NULL,11,'2025-03-08 12:10:16.798266','2025-03-08 12:10:16.798266','Walter de la Mare',1);
INSERT INTO works VALUES(134,'Bright April',1980,NULL,12,'2025-03-08 12:10:16.824904','2025-03-08 12:10:16.824904','Sara Teasdale',1);
INSERT INTO works VALUES(135,'Concerto for Cello & Strings with Clarinet',2006,NULL,7,'2025-03-08 12:10:23.793213','2025-03-08 12:10:23.793213',NULL,1);
INSERT INTO works VALUES(136,'Fantasia on “Shenandoah”',1991,NULL,6,'2025-03-08 12:10:23.819925','2025-03-08 12:10:23.819925',NULL,1);
INSERT INTO works VALUES(137,'North Country Suite',2011,NULL,6,'2025-03-08 12:10:23.832525','2025-03-08 12:10:23.832525',NULL,1);
INSERT INTO works VALUES(138,'Sonata for Violin & Piano',1971,NULL,8,'2025-03-08 12:10:23.845731','2025-03-08 12:10:23.845731',NULL,1);
INSERT INTO works VALUES(139,'Variations on “Love Is Little”',2008,NULL,4,'2025-03-08 12:10:23.856774','2025-03-08 12:10:23.856774',NULL,1);
INSERT INTO works VALUES(140,'Gelato per Dio',2007,NULL,5,'2025-03-08 12:10:23.868524','2025-03-08 12:10:23.868524',NULL,1);
INSERT INTO works VALUES(141,'Curly Prays',2007,NULL,5,'2025-03-08 12:10:23.888094','2025-03-08 12:10:23.888094',NULL,1);
INSERT INTO works VALUES(142,'Sonata for Flute & Piano “Icy Waters”',1990,NULL,5,'2025-03-08 12:10:23.910511','2025-03-08 12:10:23.910511',NULL,1);
INSERT INTO works VALUES(143,'Sunday Morning Variations for solo cello',2012,NULL,4,'2025-03-08 12:10:23.926268','2025-03-08 12:10:23.926268',NULL,1);
INSERT INTO works VALUES(144,'Wind Octet “Audubon”',2006,NULL,5,'2025-03-08 12:10:23.938445','2025-03-08 12:10:23.938445',NULL,1);
INSERT INTO works VALUES(145,'Reluctant Farewell for solo guitar',2013,NULL,4,'2025-03-08 12:10:23.951633','2025-03-08 12:10:23.951633',NULL,1);
INSERT INTO works VALUES(146,'Andante Intimo for solo cello',2022,NULL,4,'2025-03-08 12:10:23.983489','2025-03-08 12:10:23.983489',NULL,1);
INSERT INTO works VALUES(147,'Hither and Yon for solo cello',2022,NULL,4,'2025-03-08 12:10:23.999636','2025-03-08 12:10:23.999636',NULL,1);
INSERT INTO works VALUES(148,'Pirate Variations for solo cello',2022,NULL,4,'2025-03-08 12:10:24.019200','2025-03-08 12:10:24.019200',NULL,1);
INSERT INTO works VALUES(149,'Scherzo Serioso for solo cello',2022,NULL,4,'2025-03-08 12:10:24.034884','2025-03-08 12:10:24.034884',NULL,1);
INSERT INTO works VALUES(150,'Hope is Kindled',2023,NULL,5,'2025-03-08 12:10:24.106025','2025-03-08 12:10:24.106025',NULL,1);
INSERT INTO works VALUES(151,'The Piper at the Gates of Dawn',2023,NULL,5,'2025-03-08 12:10:24.121879','2025-03-08 12:10:24.121879',NULL,1);
INSERT INTO works VALUES(152,'Largo Religioso',1990,NULL,5,'2025-03-08 12:10:24.138457','2025-03-08 12:10:24.138457',NULL,1);
INSERT INTO works VALUES(153,'To and Fro for solo cello',2022,NULL,4,'2025-03-08 12:10:24.152886','2025-03-08 12:10:24.152886',NULL,1);
INSERT INTO works VALUES(154,'Hymn of Hope for woodwind quintet',2023,NULL,5,'2025-03-08 12:10:24.168384','2025-03-08 12:10:24.168384',NULL,1);
INSERT INTO works VALUES(155,'Our Home',1978,NULL,5,'2025-03-08 12:10:24.184032','2025-03-08 12:10:24.184032',NULL,1);
INSERT INTO works VALUES(156,'String Trio #6 “Made of Sterner Stuff”',2025,NULL,5,'2025-03-08 12:10:24.199997','2025-03-08 12:10:24.199997',NULL,1);
CREATE TABLE IF NOT EXISTS "recordings" ("id" integer PRIMARY KEY AUTOINCREMENT NOT NULL, "file_name" varchar, "label" varchar, "created_at" datetime(6) NOT NULL, "updated_at" datetime(6) NOT NULL, "work_id" integer);
INSERT INTO recordings VALUES(1,'wisest.singer.mp3','(one movement)','2025-03-08 12:09:51.603736','2025-03-08 12:09:51.603736',1);
INSERT INTO recordings VALUES(2,'night_thoughts.mp3','(one movement)','2025-03-08 12:09:51.612698','2025-03-08 12:09:51.612698',2);
INSERT INTO recordings VALUES(3,'endless_tapestry.mp3','(one movement)','2025-03-08 12:09:51.621996','2025-03-08 12:09:51.621996',3);
INSERT INTO recordings VALUES(4,'who.shall.mp3','(one movement)','2025-03-08 12:09:51.633086','2025-03-08 12:09:51.633086',4);
INSERT INTO recordings VALUES(5,'franklin_prayer.mp3','(one movement)','2025-03-08 12:09:51.641117','2025-03-08 12:09:51.641117',5);
INSERT INTO recordings VALUES(6,'clean_up.mp3','(one movement)','2025-03-08 12:09:51.648525','2025-03-08 12:09:51.648525',6);
INSERT INTO recordings VALUES(7,'blessings_flow.mp3','(one movement)','2025-03-08 12:09:51.656918','2025-03-08 12:09:51.656918',7);
INSERT INTO recordings VALUES(8,'come_to_know.mp3','(one movement)','2025-03-08 12:09:51.662182','2025-03-08 12:09:51.662182',8);
INSERT INTO recordings VALUES(9,'boat_of_life.mp3','(one movement)','2025-03-08 12:09:51.668274','2025-03-08 12:09:51.668274',9);
INSERT INTO recordings VALUES(10,'ashes.mp3','(one movement)','2025-03-08 12:09:51.674020','2025-03-08 12:09:51.674020',10);
INSERT INTO recordings VALUES(11,'harvest_eye_i.mp3','1','2025-03-08 12:09:51.679219','2025-03-08 12:09:51.679219',11);
INSERT INTO recordings VALUES(12,'hqe.cant.2.3.mp3','2','2025-03-08 12:09:51.684784','2025-03-08 12:09:51.684784',11);
INSERT INTO recordings VALUES(13,'hqe.5.mp3','5','2025-03-08 12:09:51.704576','2025-03-08 12:09:51.704576',11);
INSERT INTO recordings VALUES(14,'harvest.6.mp3','6','2025-03-08 12:09:51.709271','2025-03-08 12:09:51.709271',11);
INSERT INTO recordings VALUES(15,'song_marsh.mp3','7','2025-03-08 12:09:51.713934','2025-03-08 12:09:51.713934',11);
INSERT INTO recordings VALUES(16,'harvest_8_9.mp3','8','2025-03-08 12:09:51.718752','2025-03-08 12:09:51.718752',11);
INSERT INTO recordings VALUES(17,'it_may_be_hqe.mp3','10','2025-03-08 12:09:51.724269','2025-03-08 12:09:51.724269',11);
INSERT INTO recordings VALUES(18,'harvest_11_12.mp3','11','2025-03-08 12:09:51.735834','2025-03-08 12:09:51.735834',11);
INSERT INTO recordings VALUES(19,'open_sky.mp3','(one movement)','2025-03-08 12:09:51.741867','2025-03-08 12:09:51.741867',12);
INSERT INTO recordings VALUES(20,'alleluia.harvard.mp3','(one movement)','2025-03-08 12:09:51.747522','2025-03-08 12:09:51.747522',13);
INSERT INTO recordings VALUES(21,'appalach_lord.mp3','(one movement)','2025-03-08 12:09:51.762221','2025-03-08 12:09:51.762221',14);
INSERT INTO recordings VALUES(22,'ask_what_makes.mp3','(one movement)','2025-03-08 12:09:51.768308','2025-03-08 12:09:51.768308',15);
INSERT INTO recordings VALUES(23,'be_still.mp3','(one movement)','2025-03-08 12:09:51.776249','2025-03-08 12:09:51.776249',16);
INSERT INTO recordings VALUES(24,'blessings.mp3','(one movement)','2025-03-08 12:09:51.782681','2025-03-08 12:09:51.782681',17);
INSERT INTO recordings VALUES(25,'i.will.lift.mp3','(one movement)','2025-03-08 12:09:51.791106','2025-03-08 12:09:51.791106',18);
INSERT INTO recordings VALUES(26,'where_treasure.mp3','(one movement)','2025-03-08 12:09:51.798019','2025-03-08 12:09:51.798019',20);
INSERT INTO recordings VALUES(27,'3_Songs_from_The_Harvest_of_a_Quiet_Eye_1.mp3','(one movement)','2025-03-08 12:09:51.807320','2025-03-08 12:09:51.807320',21);
INSERT INTO recordings VALUES(28,'3_Songs_from_The_Harvest_of_a_Quiet_Eye_2.mp3','(one movement)','2025-03-08 12:09:51.814020','2025-03-08 12:09:51.814020',21);
INSERT INTO recordings VALUES(29,'3_Songs_from_The_Harvest_of_a_Quiet_Eye_3.mp3','(one movement)','2025-03-08 12:09:51.819651','2025-03-08 12:09:51.819651',21);
INSERT INTO recordings VALUES(30,'creative_love.mp3','(one movement)','2025-03-08 12:09:51.826751','2025-03-08 12:09:51.826751',22);
INSERT INTO recordings VALUES(31,'thought.god.mp3','(one movement)','2025-03-08 12:09:51.833069','2025-03-08 12:09:51.833069',23);
INSERT INTO recordings VALUES(32,'incarnation.mp3','(one movement)','2025-03-08 12:09:51.838544','2025-03-08 12:09:51.838544',24);
INSERT INTO recordings VALUES(33,'pirate_treasure.mp3','(one movement)','2025-03-08 12:09:51.845122','2025-03-08 12:09:51.845122',25);
INSERT INTO recordings VALUES(34,'surely.sunset.mp3','(one movement)','2025-03-08 12:09:58.116251','2025-03-08 12:09:58.116251',26);
INSERT INTO recordings VALUES(35,'clar_cto_1st_movt.mp3','I. Allegro moderato','2025-03-08 12:09:58.125264','2025-03-08 12:09:58.125264',27);
INSERT INTO recordings VALUES(36,'clar_cto_2nd.mp3','II. Moderato “The View from Carew”','2025-03-08 12:09:58.134744','2025-03-08 12:09:58.134744',27);
INSERT INTO recordings VALUES(37,'clar_cto_3rd_movt.mp3','III. Allegro','2025-03-08 12:09:58.143139','2025-03-08 12:09:58.143139',27);
INSERT INTO recordings VALUES(38,'pastorale.mp3','(one movement)','2025-03-08 12:09:58.151263','2025-03-08 12:09:58.151263',28);
INSERT INTO recordings VALUES(39,'little_suite_1.mp3','I. Moderato','2025-03-08 12:09:58.161287','2025-03-08 12:09:58.161287',29);
INSERT INTO recordings VALUES(40,'little_suite_2nd_movt.mp3','"II. Lento, molto rubato"','2025-03-08 12:09:58.170701','2025-03-08 12:09:58.170701',29);
INSERT INTO recordings VALUES(41,'little_suite_3.mp3','III. Moderato','2025-03-08 12:09:58.179403','2025-03-08 12:09:58.179403',29);
INSERT INTO recordings VALUES(42,'little_suite_4th.mp3','IV. Allegro','2025-03-08 12:09:58.187980','2025-03-08 12:09:58.187980',29);
INSERT INTO recordings VALUES(43,'prelude_harbach.mp3','I. Prelude','2025-03-08 12:09:58.196977','2025-03-08 12:09:58.196977',30);
INSERT INTO recordings VALUES(44,'harbach_2nd.mp3','II. Theme & Variations','2025-03-08 12:09:58.205446','2025-03-08 12:09:58.205446',30);
INSERT INTO recordings VALUES(45,'heros_prayer.mp3','(one movement)','2025-03-08 12:09:58.213075','2025-03-08 12:09:58.213075',31);
INSERT INTO recordings VALUES(46,'amer_vari_beloruss.mp3','(one movement)','2025-03-08 12:09:58.220587','2025-03-08 12:09:58.220587',32);
INSERT INTO recordings VALUES(47,'arid_heat.mp3','I. Arid Heat','2025-03-08 12:09:58.228013','2025-03-08 12:09:58.228013',33);
INSERT INTO recordings VALUES(48,'corsica_breezes.mp3','II. Aromatic Breezes','2025-03-08 12:09:58.235557','2025-03-08 12:09:58.235557',33);
INSERT INTO recordings VALUES(49,'ardent_corsica.mp3','III. Ardent Souls','2025-03-08 12:09:58.242822','2025-03-08 12:09:58.242822',33);
INSERT INTO recordings VALUES(50,'sunny_days_1st-movt.mp3','I. Moderato','2025-03-08 12:09:58.257137','2025-03-08 12:09:58.257137',34);
INSERT INTO recordings VALUES(51,'sunny_days_2.mp3','II. Allegretto','2025-03-08 12:09:58.265331','2025-03-08 12:09:58.265331',34);
INSERT INTO recordings VALUES(52,'sunny_days_III.mp3','III. Moderato','2025-03-08 12:09:58.277573','2025-03-08 12:09:58.277573',34);
INSERT INTO recordings VALUES(53,'sowash_vivo.mp3','IV. Vivo','2025-03-08 12:09:58.286156','2025-03-08 12:09:58.286156',34);
INSERT INTO recordings VALUES(54,'convivial_fugue.mp3','I. Fugue','2025-03-08 12:09:58.297455','2025-03-08 12:09:58.297455',35);
INSERT INTO recordings VALUES(55,'waltz_convivial.mp3','II. Waltz','2025-03-08 12:09:58.305516','2025-03-08 12:09:58.305516',35);
INSERT INTO recordings VALUES(56,'convivial_blues.mp3','III. Blues','2025-03-08 12:09:58.315968','2025-03-08 12:09:58.315968',35);
INSERT INTO recordings VALUES(57,'convivial_march.mp3','IV. March','2025-03-08 12:09:58.323724','2025-03-08 12:09:58.323724',35);
INSERT INTO recordings VALUES(58,'conviv_adagio.mp3','V. Adagio','2025-03-08 12:09:58.330981','2025-03-08 12:09:58.330981',35);
INSERT INTO recordings VALUES(59,'finale_convivial.mp3','VI. Finale','2025-03-08 12:09:58.339892','2025-03-08 12:09:58.339892',35);
INSERT INTO recordings VALUES(60,'monet_seascape.mp3','I. Monet: a seascape','2025-03-08 12:09:58.347192','2025-03-08 12:09:58.347192',36);
INSERT INTO recordings VALUES(61,'renoir.mp3','II. Renoir: the play of colors','2025-03-08 12:09:58.355662','2025-03-08 12:09:58.355662',36);
INSERT INTO recordings VALUES(62,'Impress_Manet.mp3','III. Manet: Spanish subjects','2025-03-08 12:09:58.363757','2025-03-08 12:09:58.363757',36);
INSERT INTO recordings VALUES(63,'eroica_1st_movt.mp3','I. Allegro','2025-03-08 12:09:58.373064','2025-03-08 12:09:58.373064',37);
INSERT INTO recordings VALUES(64,'adagio_eroica.mp3','II. Adagio','2025-03-08 12:09:58.383793','2025-03-08 12:09:58.383793',37);
INSERT INTO recordings VALUES(65,'presto_eroica.mp3','III. Presto','2025-03-08 12:09:58.392650','2025-03-08 12:09:58.392650',37);
INSERT INTO recordings VALUES(66,'fathers_day_1.mp3','I. Invention:  Allegro','2025-03-08 12:09:58.403475','2025-03-08 12:09:58.403475',38);
INSERT INTO recordings VALUES(67,'fathers_day_2nd_movt.mp3','II. Sicilienne:  Andantino','2025-03-08 12:09:58.413555','2025-03-08 12:09:58.413555',38);
INSERT INTO recordings VALUES(68,'fugue_fathers.mp3','III. Fugue:  Lento','2025-03-08 12:09:58.423301','2025-03-08 12:09:58.423301',38);
INSERT INTO recordings VALUES(69,'fathers_suite_finale.mp3','IV. Rondo:  Vivo','2025-03-08 12:09:58.432389','2025-03-08 12:09:58.432389',38);
INSERT INTO recordings VALUES(70,'suite_3_vlns_1.mp3','I. Allegretto','2025-03-08 12:09:58.441384','2025-03-08 12:09:58.441384',39);
INSERT INTO recordings VALUES(71,'3violin_suite_2nd_movt.mp3','II. Presto','2025-03-08 12:09:58.451368','2025-03-08 12:09:58.451368',39);
INSERT INTO recordings VALUES(72,'3_vlns_3rd_movt.mp3','"III. Moderato, rubato"','2025-03-08 12:09:58.460554','2025-03-08 12:09:58.460554',39);
INSERT INTO recordings VALUES(73,'suite_3violins_4.mp3','"IV. Lento, dolce"','2025-03-08 12:09:58.469541','2025-03-08 12:09:58.469541',39);
INSERT INTO recordings VALUES(74,'suite_3_vlns_5.mp3','V. Allegro','2025-03-08 12:09:58.479381','2025-03-08 12:09:58.479381',39);
INSERT INTO recordings VALUES(75,'vari_orig_carol.mp3','(one movement)','2025-03-08 12:09:58.493584','2025-03-08 12:09:58.493584',40);
INSERT INTO recordings VALUES(76,'overture_mary.mp3','I. Overture toward Mary','2025-03-08 12:09:58.503191','2025-03-08 12:09:58.503191',41);
INSERT INTO recordings VALUES(77,'seren_lullaby.mp3','II. Lullabye for Mary','2025-03-08 12:09:58.514886','2025-03-08 12:09:58.514886',41);
INSERT INTO recordings VALUES(78,'scherzo_serenade.mp3','III. Scherzo on Mary','2025-03-08 12:09:58.525562','2025-03-08 12:09:58.525562',41);
INSERT INTO recordings VALUES(79,'spiritus.mp3','IV. Spiritus Maria','2025-03-08 12:09:58.536494','2025-03-08 12:09:58.536494',41);
INSERT INTO recordings VALUES(80,'5.finale.serenade.mp3','V. Theme and Mary-ations','2025-03-08 12:09:58.546741','2025-03-08 12:09:58.546741',41);
INSERT INTO recordings VALUES(81,'intrada.mp3','I. Intrada','2025-03-08 12:09:58.556289','2025-03-08 12:09:58.556289',42);
INSERT INTO recordings VALUES(82,'lincolnesque.mp3','II. Lincolnesque','2025-03-08 12:09:58.563355','2025-03-08 12:09:58.563355',42);
INSERT INTO recordings VALUES(83,'samwise.mp3','III. Song of Samwise','2025-03-08 12:09:58.572054','2025-03-08 12:09:58.572054',42);
INSERT INTO recordings VALUES(84,'brio_lullaby.mp3','IV. Lullabye','2025-03-08 12:09:58.583012','2025-03-08 12:09:58.583012',42);
INSERT INTO recordings VALUES(85,'trio_brio_finale.mp3','V. Finale','2025-03-08 12:09:58.592538','2025-03-08 12:09:58.592538',42);
INSERT INTO recordings VALUES(86,'clar_qtet_1st.mp3','I. Allegro moderato','2025-03-08 12:09:58.603801','2025-03-08 12:09:58.603801',43);
INSERT INTO recordings VALUES(87,'clar_qnt_2.mp3','II. Presto','2025-03-08 12:09:58.615943','2025-03-08 12:09:58.615943',43);
INSERT INTO recordings VALUES(88,'cl_quintet_three.mp3','III. Moderato','2025-03-08 12:09:58.627278','2025-03-08 12:09:58.627278',43);
INSERT INTO recordings VALUES(89,'cl_quintet_4.mp3','IV. Vivo','2025-03-08 12:09:58.638306','2025-03-08 12:09:58.638306',43);
INSERT INTO recordings VALUES(90,'airy_wedding_1.mp3','I. Prelude: Moderato','2025-03-08 12:09:58.649546','2025-03-08 12:09:58.649546',44);
INSERT INTO recordings VALUES(91,'romance_airy.mp3','II. Romance:  Lento','2025-03-08 12:09:58.661282','2025-03-08 12:09:58.661282',44);
INSERT INTO recordings VALUES(92,'romance.fl.ob.pno.mp3','III. Fugue:  Allegretto','2025-03-08 12:09:58.672163','2025-03-08 12:09:58.672163',44);
INSERT INTO recordings VALUES(93,'mt_airy_4th.mp3','IV. Rondo:  Allegro','2025-03-08 12:09:58.682546','2025-03-08 12:09:58.682546',44);
INSERT INTO recordings VALUES(94,'peasant.spring.fever.mp3','I. Presto:  Peasant Dance','2025-03-08 12:09:58.692614','2025-03-08 12:09:58.692614',45);
INSERT INTO recordings VALUES(95,'gershwin.love.song.mp3','II. Lento rubato:  Gershwinesque Love Song','2025-03-08 12:09:58.701884','2025-03-08 12:09:58.701884',45);
INSERT INTO recordings VALUES(96,'ferns_unfolding.mp3','III. Andate: Ferns Unfolding','2025-03-08 12:09:58.711776','2025-03-08 12:09:58.711776',45);
INSERT INTO recordings VALUES(97,'baseball.scherzo.mp3','IV. Allegro:  Baseball Scherzo','2025-03-08 12:09:58.722008','2025-03-08 12:09:58.722008',45);
INSERT INTO recordings VALUES(98,'spring.fever.daffodils.mp3','V. Adagio:  Daffodils','2025-03-08 12:09:58.731621','2025-03-08 12:09:58.731621',45);
INSERT INTO recordings VALUES(99,'barn_dance.mp3','IV. Moderato:  Barn Dance','2025-03-08 12:09:58.741817','2025-03-08 12:09:58.741817',45);
INSERT INTO recordings VALUES(100,'piquant_pieces_I.mp3','I. Lento','2025-03-08 12:09:58.751114','2025-03-08 12:09:58.751114',46);
INSERT INTO recordings VALUES(101,'piquant_adagio.mp3','II. Adagio','2025-03-08 12:09:58.768681','2025-03-08 12:09:58.768681',46);
INSERT INTO recordings VALUES(102,'rondo_piquant.mp3','III. Vivo','2025-03-08 12:09:58.779199','2025-03-08 12:09:58.779199',46);
INSERT INTO recordings VALUES(103,'picket_fence.mp3','(one movement)','2025-03-08 12:09:58.794200','2025-03-08 12:09:58.794200',47);
INSERT INTO recordings VALUES(104,'Amer_Per_I.mp3','I. Folk Dance:  Allegro energico','2025-03-08 12:09:58.804518','2025-03-08 12:09:58.804518',48);
INSERT INTO recordings VALUES(105,'sea_chanty.mp3','II. Sea Chanty:  Moderato','2025-03-08 12:09:58.818631','2025-03-08 12:09:58.818631',48);
INSERT INTO recordings VALUES(106,'ragtime.mp3','III. Ragtime:  Sprightly ragtime tempo','2025-03-08 12:09:58.828552','2025-03-08 12:09:58.828552',48);
INSERT INTO recordings VALUES(107,'trio_7.mp3','(one movement)','2025-03-08 12:09:58.841992','2025-03-08 12:09:58.841992',49);
INSERT INTO recordings VALUES(108,'morning_may.mp3','I. Morning:  Allegro','2025-03-08 12:09:58.851311','2025-03-08 12:09:58.851311',50);
INSERT INTO recordings VALUES(109,'may_deepforest.mp3','II. Deep Forest:  Adagio','2025-03-08 12:09:58.862776','2025-03-08 12:09:58.862776',50);
INSERT INTO recordings VALUES(110,'may_wildflowers.mp3','III. Wildflowers:  Allegretto','2025-03-08 12:09:58.874315','2025-03-08 12:09:58.874315',50);
INSERT INTO recordings VALUES(111,'may_sunset.mp3','IV.  Sunset:  Adagio','2025-03-08 12:09:58.885625','2025-03-08 12:09:58.885625',50);
INSERT INTO recordings VALUES(112,'portrait_fool.mp3','I. Self-portrait as a Fool','2025-03-08 12:09:58.899037','2025-03-08 12:09:58.899037',51);
INSERT INTO recordings VALUES(113,'trio.8.sage.mp3','II. Self-portrait as a Sage','2025-03-08 12:09:58.910237','2025-03-08 12:09:58.910237',51);
INSERT INTO recordings VALUES(114,'trio5_1stmovt.mp3','I.  Allegro','2025-03-08 12:09:58.922869','2025-03-08 12:09:58.922869',52);
INSERT INTO recordings VALUES(115,'trio_5_2nd_movt.mp3','II.  Moderato','2025-03-08 12:09:58.934105','2025-03-08 12:09:58.934105',52);
INSERT INTO recordings VALUES(116,'trio_5_3.mp3','III.  Temp di Menuetto','2025-03-08 12:09:58.944910','2025-03-08 12:09:58.944910',52);
INSERT INTO recordings VALUES(117,'cl.vc.pnotrio5.4.mp3','IV.  Vivo','2025-03-08 12:09:58.956662','2025-03-08 12:09:58.956662',52);
INSERT INTO recordings VALUES(118,'enchant_april (1).mp3','"I. Maestoso, Allegro"','2025-03-08 12:09:58.965712','2025-03-08 12:09:58.965712',53);
INSERT INTO recordings VALUES(119,'enchant_april2.mp3','II. Lento','2025-03-08 12:09:58.975315','2025-03-08 12:09:58.975315',53);
INSERT INTO recordings VALUES(120,'sowash_allegretto.mp3','III. Allegretto','2025-03-08 12:09:58.983935','2025-03-08 12:09:58.983935',53);
INSERT INTO recordings VALUES(121,'voyage_spirit_1st_movt.mp3','I.  Moderato','2025-03-08 12:09:58.992708','2025-03-08 12:09:58.992708',54);
INSERT INTO recordings VALUES(122,'voyage_spirit_2.mp3','II. Lento','2025-03-08 12:09:59.001727','2025-03-08 12:09:59.001727',54);
INSERT INTO recordings VALUES(123,'voyage.spirit.3.mp3','"III. Lento, poco mosso, Andante"','2025-03-08 12:09:59.010546','2025-03-08 12:09:59.010546',54);
INSERT INTO recordings VALUES(124,'voyage.4.mp3','IV.  Allegretto','2025-03-08 12:09:59.019373','2025-03-08 12:09:59.019373',54);
INSERT INTO recordings VALUES(125,'nov_shadows_1.mp3','I.  Allegro','2025-03-08 12:09:59.029628','2025-03-08 12:09:59.029628',55);
INSERT INTO recordings VALUES(126,'nov.shadows.2.mp3','II.  Lento','2025-03-08 12:09:59.047238','2025-03-08 12:09:59.047238',55);
INSERT INTO recordings VALUES(127,'nov_shadowsiii.mp3','III.  Allegretto','2025-03-08 12:09:59.057864','2025-03-08 12:09:59.057864',55);
INSERT INTO recordings VALUES(128,'harvest_cather.mp3','(one movement)','2025-03-08 12:09:59.074408','2025-03-08 12:09:59.074408',56);
INSERT INTO recordings VALUES(129,'sowash_juice.mp3','I. Orange Juice','2025-03-08 12:09:59.084981','2025-03-08 12:09:59.084981',57);
INSERT INTO recordings VALUES(130,'french_toast.mp3','II. French Toast','2025-03-08 12:09:59.100310','2025-03-08 12:09:59.100310',57);
INSERT INTO recordings VALUES(131,'eggs_bacon.mp3','III. Eggs & Bacon','2025-03-08 12:09:59.110894','2025-03-08 12:09:59.110894',57);
INSERT INTO recordings VALUES(132,'honey_muffins.mp3','IV. Honey on English Muffins','2025-03-08 12:09:59.124264','2025-03-08 12:09:59.124264',57);
INSERT INTO recordings VALUES(133,'herb_teas.mp3','V. A Variety of Herb Teas','2025-03-08 12:09:59.134217','2025-03-08 12:09:59.134217',57);
INSERT INTO recordings VALUES(134,'cliffs.mp3','(one movement)','2025-03-08 12:09:59.144533','2025-03-08 12:09:59.144533',58);
INSERT INTO recordings VALUES(135,'pavane_amer.mp3','(one movement)','2025-03-08 12:09:59.156882','2025-03-08 12:09:59.156882',59);
INSERT INTO recordings VALUES(136,'morning_at_seaside.mp3','I. Morning at Seaside','2025-03-08 12:09:59.166979','2025-03-08 12:09:59.166979',60);
INSERT INTO recordings VALUES(137,'victorian_garden.mp3','II. Victorian Gardens','2025-03-08 12:09:59.178322','2025-03-08 12:09:59.178322',60);
INSERT INTO recordings VALUES(138,'dinner_louisas.mp3','III. Dinner at Louisa’s','2025-03-08 12:09:59.188150','2025-03-08 12:09:59.188150',60);
INSERT INTO recordings VALUES(139,'ghostly_waltzes.mp3','V. Ghostly Waltzes at Congress Hall','2025-03-08 12:09:59.197182','2025-03-08 12:09:59.197182',60);
INSERT INTO recordings VALUES(140,'morning_emily.mp3','"I. Good Morning, Miss Emily"','2025-03-08 12:09:59.208411','2025-03-08 12:09:59.208411',61);
INSERT INTO recordings VALUES(141,'emily_2ndmovt.mp3','II. Reflections','2025-03-08 12:09:59.218076','2025-03-08 12:09:59.218076',61);
INSERT INTO recordings VALUES(142,'spring_emily.mp3','III. Here Comes Spring','2025-03-08 12:09:59.228958','2025-03-08 12:09:59.228958',61);
INSERT INTO recordings VALUES(143,'sentinel.mp3','IV. Silent Sentinel','2025-03-08 12:09:59.238577','2025-03-08 12:09:59.238577',61);
INSERT INTO recordings VALUES(144,'harvest_time.mp3','V. Harvest Time: Prayer & Hymn','2025-03-08 12:09:59.247899','2025-03-08 12:09:59.247899',61);
INSERT INTO recordings VALUES(145,'world_enough.mp3','(one movement)','2025-03-08 12:09:59.257066','2025-03-08 12:09:59.257066',62);
INSERT INTO recordings VALUES(146,'amicalola.mp3','I. Amicalola Falls','2025-03-08 12:09:59.265796','2025-03-08 12:09:59.265796',63);
INSERT INTO recordings VALUES(147,'dragons_tooth.mp3','II. Dragon’s Tooth','2025-03-08 12:09:59.273925','2025-03-08 12:09:59.273925',63);
INSERT INTO recordings VALUES(148,'sages_ravine.mp3','III. Sage’s Ravine','2025-03-08 12:09:59.283117','2025-03-08 12:09:59.283117',63);
INSERT INTO recordings VALUES(149,'katahdin.mp3','IV. Katahdin','2025-03-08 12:09:59.291486','2025-03-08 12:09:59.291486',63);
INSERT INTO recordings VALUES(150,'arthurs_court.mp3','I. Arthur’s Court at Christmas','2025-03-08 12:09:59.300872','2025-03-08 12:09:59.300872',64);
INSERT INTO recordings VALUES(151,'seduction_sorcery.mp3','II. Seduction and Sorcery','2025-03-08 12:09:59.313938','2025-03-08 12:09:59.313938',64);
INSERT INTO recordings VALUES(152,'gawains_journey.mp3','III. Gawain’s Journey','2025-03-08 12:09:59.324021','2025-03-08 12:09:59.324021',64);
INSERT INTO recordings VALUES(153,'wisdom_gawain.mp3','IV. Gawain’s Humiliation & Wisdom','2025-03-08 12:09:59.332794','2025-03-08 12:09:59.332794',64);
INSERT INTO recordings VALUES(154,'green_knight.mp3','V. The Green Knight','2025-03-08 12:09:59.343335','2025-03-08 12:09:59.343335',64);
INSERT INTO recordings VALUES(155,'prelude_ceremony.mp3','I. Prelude','2025-03-08 12:09:59.354479','2025-03-08 12:09:59.354479',65);
INSERT INTO recordings VALUES(156,'cerem_2.mp3','II. Processional','2025-03-08 12:09:59.364567','2025-03-08 12:09:59.364567',65);
INSERT INTO recordings VALUES(157,'romance.mp3','III. Romance','2025-03-08 12:09:59.377569','2025-03-08 12:09:59.377569',65);
INSERT INTO recordings VALUES(158,'ceremony.4.mp3','IV. Recessional','2025-03-08 12:09:59.387275','2025-03-08 12:09:59.387275',65);
INSERT INTO recordings VALUES(159,'ceremony.postlude.mp3','V. Postlude','2025-03-08 12:09:59.397984','2025-03-08 12:09:59.397984',65);
INSERT INTO recordings VALUES(160,'christmas_rondo.mp3','(one movement)','2025-03-08 12:09:59.410586','2025-03-08 12:09:59.410586',66);
INSERT INTO recordings VALUES(161,'little.child.mp3','I. A Little Child','2025-03-08 12:09:59.421843','2025-03-08 12:09:59.421843',67);
INSERT INTO recordings VALUES(162,'green_growth.mp3','II. Green Grow’th the Holly','2025-03-08 12:09:59.431695','2025-03-08 12:09:59.431695',67);
INSERT INTO recordings VALUES(163,'golden_lamb.mp3','III. Carol of the Golden Lamb','2025-03-08 12:09:59.439770','2025-03-08 12:09:59.439770',67);
INSERT INTO recordings VALUES(164,'carol_of_birds.mp3','IV. Carol of the Birds','2025-03-08 12:09:59.448778','2025-03-08 12:09:59.448778',67);
INSERT INTO recordings VALUES(165,'anec_ref_1.mp3','I. Allegro','2025-03-08 12:10:09.519821','2025-03-08 12:10:09.519821',68);
INSERT INTO recordings VALUES(166,'gershwin_homage.mp3','II. Moderato','2025-03-08 12:10:09.533468','2025-03-08 12:10:09.533468',68);
INSERT INTO recordings VALUES(167,'day_sailing.mp3','III. Allegro','2025-03-08 12:10:09.546575','2025-03-08 12:10:09.546575',68);
INSERT INTO recordings VALUES(168,'anec_4th.mp3','IV. Larghetto','2025-03-08 12:10:09.560366','2025-03-08 12:10:09.560366',68);
INSERT INTO recordings VALUES(169,'anec_ref.5.mp3','V. Lento','2025-03-08 12:10:09.572360','2025-03-08 12:10:09.572360',68);
INSERT INTO recordings VALUES(170,'sousa.mp3','VI. Tempo di marcia','2025-03-08 12:10:09.587119','2025-03-08 12:10:09.587119',68);
INSERT INTO recordings VALUES(171,'woodhill_road.mp3','I. Woodhill Rd.','2025-03-08 12:10:09.600057','2025-03-08 12:10:09.600057',69);
INSERT INTO recordings VALUES(172,'brinkerhoff_blvd.mp3','II. Brinkerhoff Boulevard','2025-03-08 12:10:09.611898','2025-03-08 12:10:09.611898',69);
INSERT INTO recordings VALUES(173,'beethoven_st.mp3','III. Beethoven St.','2025-03-08 12:10:09.623193','2025-03-08 12:10:09.623193',69);
INSERT INTO recordings VALUES(174,'park.ave.mp3','IV. Park Ave. West','2025-03-08 12:10:09.634163','2025-03-08 12:10:09.634163',69);
INSERT INTO recordings VALUES(175,'st.suite.glenwood.mp3','V. Glenwood Boulevard','2025-03-08 12:10:09.645785','2025-03-08 12:10:09.645785',69);
INSERT INTO recordings VALUES(176,'maplewood.mp3','VI. Maplewood Ave.','2025-03-08 12:10:09.656681','2025-03-08 12:10:09.656681',69);
INSERT INTO recordings VALUES(177,'davis.road.mp3','VII. Davis Rd.','2025-03-08 12:10:09.668082','2025-03-08 12:10:09.668082',69);
INSERT INTO recordings VALUES(178,'pinecrest.mp3','VIII. Pinecrest Dr.','2025-03-08 12:10:09.678461','2025-03-08 12:10:09.678461',69);
INSERT INTO recordings VALUES(179,'w_2nd_st.mp3','IX. West Second St.','2025-03-08 12:10:09.689206','2025-03-08 12:10:09.689206',69);
INSERT INTO recordings VALUES(180,'marion_ave.mp3','X. Marion Ave.','2025-03-08 12:10:09.699584','2025-03-08 12:10:09.699584',69);
INSERT INTO recordings VALUES(181,'daweswood_bud.mp3','I. The Bud','2025-03-08 12:10:09.709573','2025-03-08 12:10:09.709573',70);
INSERT INTO recordings VALUES(182,'sowash_blosssom.mp3','II. The Blossom','2025-03-08 12:10:09.727446','2025-03-08 12:10:09.727446',70);
INSERT INTO recordings VALUES(183,'berry_dawes.mp3','III. The Berry','2025-03-08 12:10:09.739847','2025-03-08 12:10:09.739847',70);
INSERT INTO recordings VALUES(184,'winter_bellville.mp3','I. Winter','2025-03-08 12:10:09.755724','2025-03-08 12:10:09.755724',71);
INSERT INTO recordings VALUES(185,'sowash_spring.mp3','II. Spring','2025-03-08 12:10:09.770171','2025-03-08 12:10:09.770171',71);
INSERT INTO recordings VALUES(186,'summer.mp3','III. Summer','2025-03-08 12:10:09.782545','2025-03-08 12:10:09.782545',71);
INSERT INTO recordings VALUES(187,'autumn.mp3','IV. Autumn','2025-03-08 12:10:09.798482','2025-03-08 12:10:09.798482',71);
INSERT INTO recordings VALUES(188,'orientale.mp3','I. Orientale','2025-03-08 12:10:09.810784','2025-03-08 12:10:09.810784',72);
INSERT INTO recordings VALUES(189,'trio2_galop.mp3','II. Galop','2025-03-08 12:10:09.822138','2025-03-08 12:10:09.822138',72);
INSERT INTO recordings VALUES(190,'pnotrio_3_1.mp3','I. Allegro','2025-03-08 12:10:09.835522','2025-03-08 12:10:09.835522',73);
INSERT INTO recordings VALUES(191,'pno.trio.3.2.mp3','II. Allegretto','2025-03-08 12:10:09.846153','2025-03-08 12:10:09.846153',73);
INSERT INTO recordings VALUES(192,'pnotrio3.3.mp3','III. Moderato','2025-03-08 12:10:09.858312','2025-03-08 12:10:09.858312',73);
INSERT INTO recordings VALUES(193,'pno.trio.3.4.mp3','IV. Allegro vigoroso','2025-03-08 12:10:09.869388','2025-03-08 12:10:09.869388',73);
INSERT INTO recordings VALUES(194,'pno.trio.3.5.mp3','V. Lento','2025-03-08 12:10:09.880497','2025-03-08 12:10:09.880497',73);
INSERT INTO recordings VALUES(195,'pnotrio_3_6.mp3','VI. Moderato espressivo','2025-03-08 12:10:09.892678','2025-03-08 12:10:09.892678',73);
INSERT INTO recordings VALUES(196,'boars_head.mp3','VII. Variations on the Boar’s Head Carol','2025-03-08 12:10:09.903403','2025-03-08 12:10:09.903403',73);
INSERT INTO recordings VALUES(197,'pnotrio4.1.mp3','I. Presto tempesto','2025-03-08 12:10:09.916455','2025-03-08 12:10:09.916455',74);
INSERT INTO recordings VALUES(198,'pnotrio_4_adagio.mp3','"II. Adagio, molto espressivo"','2025-03-08 12:10:09.927799','2025-03-08 12:10:09.927799',74);
INSERT INTO recordings VALUES(199,'convers_trees_1.mp3','I. Allegretto','2025-03-08 12:10:09.938096','2025-03-08 12:10:09.938096',75);
INSERT INTO recordings VALUES(200,'convers_trees_2.mp3','II. Moderato','2025-03-08 12:10:09.949864','2025-03-08 12:10:09.949864',75);
INSERT INTO recordings VALUES(201,'convers_trees_3.mp3','III. Allegro','2025-03-08 12:10:09.961239','2025-03-08 12:10:09.961239',75);
INSERT INTO recordings VALUES(202,'convers_trees_4.mp3','IV. Largo','2025-03-08 12:10:09.972055','2025-03-08 12:10:09.972055',75);
INSERT INTO recordings VALUES(203,'convers_trees_5.mp3','V. Allegro','2025-03-08 12:10:09.984023','2025-03-08 12:10:09.984023',75);
INSERT INTO recordings VALUES(204,'three_nocturnes.mp3','I. Prologue','2025-03-08 12:10:09.995685','2025-03-08 12:10:09.995685',76);
INSERT INTO recordings VALUES(205,'trio_6_nocturne.mp3','II. Nocturne','2025-03-08 12:10:10.008253','2025-03-08 12:10:10.008253',76);
INSERT INTO recordings VALUES(206,'three_nocturnes.mp3','III. Interlude','2025-03-08 12:10:10.020005','2025-03-08 12:10:10.020005',76);
INSERT INTO recordings VALUES(207,'trio_6_scherzo.mp3','IV. Scherzo','2025-03-08 12:10:10.040772','2025-03-08 12:10:10.040772',76);
INSERT INTO recordings VALUES(208,'three_nocturnes.mp3','V. Epilogue','2025-03-08 12:10:10.053625','2025-03-08 12:10:10.053625',76);
INSERT INTO recordings VALUES(209,'trio.9.bernice.mp3','I. Bernice: merry & mystical','2025-03-08 12:10:10.070203','2025-03-08 12:10:10.070203',77);
INSERT INTO recordings VALUES(210,'claire_becoming.mp3','II. Claire: in the process of becoming','2025-03-08 12:10:10.081457','2025-03-08 12:10:10.081457',77);
INSERT INTO recordings VALUES(211,'mother.children.mp3','III. Jo: mother of our children','2025-03-08 12:10:10.095202','2025-03-08 12:10:10.095202',77);
INSERT INTO recordings VALUES(212,'diane.mp3','IV. Diane: beautiful & sad','2025-03-08 12:10:10.105411','2025-03-08 12:10:10.105411',77);
INSERT INTO recordings VALUES(213,'vitality.mp3','V. The Vitality of Emile','2025-03-08 12:10:10.119094','2025-03-08 12:10:10.119094',77);
INSERT INTO recordings VALUES(214,'cello_sonata_1.mp3','I. Moderato','2025-03-08 12:10:10.140174','2025-03-08 12:10:10.140174',78);
INSERT INTO recordings VALUES(215,'Largo_Relig.mp3','II. Largo religioso','2025-03-08 12:10:10.155362','2025-03-08 12:10:10.155362',78);
INSERT INTO recordings VALUES(216,'cello_sta_3rdmovt.mp3','III. Allegro energico','2025-03-08 12:10:10.168865','2025-03-08 12:10:10.168865',78);
INSERT INTO recordings VALUES(217,'spring.breeze.mp3','I. Spring Breeze','2025-03-08 12:10:10.181530','2025-03-08 12:10:10.181530',79);
INSERT INTO recordings VALUES(218,'summer.breeze.mp3','II. Summer Breeze','2025-03-08 12:10:10.194514','2025-03-08 12:10:10.194514',79);
INSERT INTO recordings VALUES(219,'autumn.breeze.mp3','III. Autumn Breeze','2025-03-08 12:10:10.207022','2025-03-08 12:10:10.207022',79);
INSERT INTO recordings VALUES(220,'winter.breeze.mp3','IV. Winter Breeze','2025-03-08 12:10:10.219753','2025-03-08 12:10:10.219753',79);
INSERT INTO recordings VALUES(221,'ballad.red.fox.mp3','I. Ballad of Red Fox','2025-03-08 12:10:10.231832','2025-03-08 12:10:10.231832',80);
INSERT INTO recordings VALUES(222,'speak.gently.mp3','"II. Speak Gently, Spring"','2025-03-08 12:10:10.243607','2025-03-08 12:10:10.243607',80);
INSERT INTO recordings VALUES(223,'twig.mp3','III. Twig of Willow','2025-03-08 12:10:10.257685','2025-03-08 12:10:10.257685',80);
INSERT INTO recordings VALUES(224,'oct.rev.elm.mp3','I. Elm Trees in Moonlight','2025-03-08 12:10:10.268197','2025-03-08 12:10:10.268197',81);
INSERT INTO recordings VALUES(225,'oct.rev.where.quiet.mp3','II. Where Quietness Keeps Her Dwelling','2025-03-08 12:10:10.278524','2025-03-08 12:10:10.278524',81);
INSERT INTO recordings VALUES(226,'oct.rev.wild.mp3','III. The Wild Wine of October','2025-03-08 12:10:10.288859','2025-03-08 12:10:10.288859',81);
INSERT INTO recordings VALUES(227,'glory.1.mp3','I. Allegro moderato','2025-03-08 12:10:10.300829','2025-03-08 12:10:10.300829',82);
INSERT INTO recordings VALUES(228,'glory.2.mp3','II. Allegro marziale','2025-03-08 12:10:10.312962','2025-03-08 12:10:10.312962',82);
INSERT INTO recordings VALUES(229,'glo.hal.3.mp3','III. Religioso','2025-03-08 12:10:10.325210','2025-03-08 12:10:10.325210',82);
INSERT INTO recordings VALUES(230,'glo.hal.4.mp3','IV. Allegro','2025-03-08 12:10:10.336752','2025-03-08 12:10:10.336752',82);
INSERT INTO recordings VALUES(231,'sowash_sanctuary.mp3','(one movement)','2025-03-08 12:10:10.347210','2025-03-08 12:10:10.347210',83);
INSERT INTO recordings VALUES(232,'lullabye_kara.mp3','(one movement)','2025-03-08 12:10:10.365319','2025-03-08 12:10:10.365319',84);
INSERT INTO recordings VALUES(233,'hiking_song.mp3','(one movement)','2025-03-08 12:10:10.377989','2025-03-08 12:10:10.377989',85);
INSERT INTO recordings VALUES(234,'cassatt.mp3','I. Cassatt: a Lullabye','2025-03-08 12:10:10.393233','2025-03-08 12:10:10.393233',86);
INSERT INTO recordings VALUES(235,'caillebotte.mp3','II. Caillebotte: Precision','2025-03-08 12:10:10.406273','2025-03-08 12:10:10.406273',86);
INSERT INTO recordings VALUES(236,'sisley_bazille.mp3','"III. Sisley & Bazille: Joyful Skies, Lament for the Fallen"','2025-03-08 12:10:10.421119','2025-03-08 12:10:10.421119',86);
INSERT INTO recordings VALUES(237,'view.carew.costa.mp3','(one movement)','2025-03-08 12:10:10.432880','2025-03-08 12:10:10.432880',87);
INSERT INTO recordings VALUES(238,'trio11_1stmovt.mp3','I. Prelude','2025-03-08 12:10:10.449103','2025-03-08 12:10:10.449103',88);
INSERT INTO recordings VALUES(239,'trio.11.2.mp3','II. Bells of Morn','2025-03-08 12:10:10.460996','2025-03-08 12:10:10.460996',88);
INSERT INTO recordings VALUES(240,'trio11.3.mp3','III. A Pretty Air','2025-03-08 12:10:10.472107','2025-03-08 12:10:10.472107',88);
INSERT INTO recordings VALUES(241,'tango_trio11.mp3','IV. Tango Finale','2025-03-08 12:10:10.488749','2025-03-08 12:10:10.488749',88);
INSERT INTO recordings VALUES(242,'geese.mp3','I. Geese in Flight','2025-03-08 12:10:10.500475','2025-03-08 12:10:10.500475',89);
INSERT INTO recordings VALUES(243,'trio_12_2.mp3','II. Night Song of the Voyageurs','2025-03-08 12:10:10.514400','2025-03-08 12:10:10.514400',89);
INSERT INTO recordings VALUES(244,'starshadows.mp3','III. Starshadows on the Snow','2025-03-08 12:10:10.525805','2025-03-08 12:10:10.525805',89);
INSERT INTO recordings VALUES(245,'voyageurs.4.mp3','IV. A Majestic Land','2025-03-08 12:10:10.538086','2025-03-08 12:10:10.538086',89);
INSERT INTO recordings VALUES(246,'trio_13_I.mp3','I. Passacaglia','2025-03-08 12:10:10.552639','2025-03-08 12:10:10.552639',90);
INSERT INTO recordings VALUES(247,'trio_13_II.mp3','II. Fugue','2025-03-08 12:10:10.565124','2025-03-08 12:10:10.565124',90);
INSERT INTO recordings VALUES(248,'sunday_morn.mp3','(one movement)','2025-03-08 12:10:10.578343','2025-03-08 12:10:10.578343',91);
INSERT INTO recordings VALUES(249,'unicorn.mp3','(one movement)','2025-03-08 12:10:10.590899','2025-03-08 12:10:10.590899',92);
INSERT INTO recordings VALUES(250,'hpschd_theme_6vari.mp3','(one movement)','2025-03-08 12:10:10.603811','2025-03-08 12:10:10.603811',93);
INSERT INTO recordings VALUES(251,'philosopher.mp3','I. The Philosopher','2025-03-08 12:10:10.616206','2025-03-08 12:10:10.616206',94);
INSERT INTO recordings VALUES(252,'search.mp3','II. The Search','2025-03-08 12:10:10.629142','2025-03-08 12:10:10.629142',94);
INSERT INTO recordings VALUES(253,'country_fair.mp3','III. Country Fair','2025-03-08 12:10:10.642130','2025-03-08 12:10:10.642130',94);
INSERT INTO recordings VALUES(254,'this.i.believe.mp3','(one movement)','2025-03-08 12:10:10.654511','2025-03-08 12:10:10.654511',95);
INSERT INTO recordings VALUES(255,'swashbuckler.mp3','(one movement)','2025-03-08 12:10:10.664930','2025-03-08 12:10:10.664930',96);
INSERT INTO recordings VALUES(256,'vocalise.mp3','(one movement)','2025-03-08 12:10:10.674673','2025-03-08 12:10:10.674673',97);
INSERT INTO recordings VALUES(257,'winter.night.mp3','(one movement)','2025-03-08 12:10:10.684893','2025-03-08 12:10:10.684893',98);
INSERT INTO recordings VALUES(258,'pirateschristmas.mp3','(one movement)','2025-03-08 12:10:10.702096','2025-03-08 12:10:10.702096',99);
INSERT INTO recordings VALUES(259,'pirate.vari.mp3','(one movement)','2025-03-08 12:10:10.712397','2025-03-08 12:10:10.712397',100);
INSERT INTO recordings VALUES(260,'chorale.prelude.m.ronstadt.mp3','(one movement)','2025-03-08 12:10:10.726292','2025-03-08 12:10:10.726292',101);
INSERT INTO recordings VALUES(261,'neverending.mp3','(one movement)','2025-03-08 12:10:10.737349','2025-03-08 12:10:10.737349',102);
INSERT INTO recordings VALUES(262,'fanfare.fugue.mp3','(one movement)','2025-03-08 12:10:10.751284','2025-03-08 12:10:10.751284',103);
INSERT INTO recordings VALUES(263,'joyful.fugue.mp3','(one movement)','2025-03-08 12:10:10.762969','2025-03-08 12:10:10.762969',104);
INSERT INTO recordings VALUES(264,'sweetness.mp3','(one movement)','2025-03-08 12:10:10.774358','2025-03-08 12:10:10.774358',105);
INSERT INTO recordings VALUES(265,'blues.ronstadt.mp3','(one movement)','2025-03-08 12:10:10.784924','2025-03-08 12:10:10.784924',106);
INSERT INTO recordings VALUES(266,'to.and.fro.mp3','(one movement)','2025-03-08 12:10:10.796036','2025-03-08 12:10:10.796036',107);
INSERT INTO recordings VALUES(267,'simple.tune.mp3','(one movement)','2025-03-08 12:10:10.806410','2025-03-08 12:10:10.806410',108);
INSERT INTO recordings VALUES(268,'scherzo.serioso.mp3','(one movement)','2025-03-08 12:10:10.816060','2025-03-08 12:10:10.816060',109);
INSERT INTO recordings VALUES(269,'andante.intimo.mp3','(one movement)','2025-03-08 12:10:10.827072','2025-03-08 12:10:10.827072',110);
INSERT INTO recordings VALUES(270,'hither.yon.mp3','(one movement)','2025-03-08 12:10:10.836977','2025-03-08 12:10:10.836977',111);
INSERT INTO recordings VALUES(271,'far.and.near.mp3','(one movement)','2025-03-08 12:10:10.848188','2025-03-08 12:10:10.848188',112);
INSERT INTO recordings VALUES(272,'days_glory.mp3','(one movement)','2025-03-08 12:10:16.865076','2025-03-08 12:10:16.865076',113);
INSERT INTO recordings VALUES(273,'prairie_prayer.mp3','(one movement)','2025-03-08 12:10:16.874748','2025-03-08 12:10:16.874748',114);
INSERT INTO recordings VALUES(274,'diane.mp3','(one movement)','2025-03-08 12:10:16.885442','2025-03-08 12:10:16.885442',115);
INSERT INTO recordings VALUES(275,'love_me_from_3_love_songs.mp3','I. Love Me','2025-03-08 12:10:16.894765','2025-03-08 12:10:16.894765',116);
INSERT INTO recordings VALUES(276,'lovesongs.mp3','II. Unrequited Love','2025-03-08 12:10:16.902618','2025-03-08 12:10:16.902618',116);
INSERT INTO recordings VALUES(277,'lovesongs.mp3','III. Love at the End','2025-03-08 12:10:16.912750','2025-03-08 12:10:16.912750',116);
INSERT INTO recordings VALUES(278,'along_river.mp3','(one movement)','2025-03-08 12:10:16.921245','2025-03-08 12:10:16.921245',117);
INSERT INTO recordings VALUES(279,'remembering.mp3','(one movement)','2025-03-08 12:10:16.930831','2025-03-08 12:10:16.930831',118);
INSERT INTO recordings VALUES(280,'apple_tree.mp3','(one movement)','2025-03-08 12:10:16.940863','2025-03-08 12:10:16.940863',119);
INSERT INTO recordings VALUES(281,'flowerfed_buffalo.mp3','(one movement)','2025-03-08 12:10:16.950594','2025-03-08 12:10:16.950594',120);
INSERT INTO recordings VALUES(282,'town_beyond.mp3','(one movement)','2025-03-08 12:10:16.959752','2025-03-08 12:10:16.959752',121);
INSERT INTO recordings VALUES(283,'shepherd.mp3','(one movement)','2025-03-08 12:10:16.967793','2025-03-08 12:10:16.967793',122);
INSERT INTO recordings VALUES(284,'silver.mp3','(one movement)','2025-03-08 12:10:16.974694','2025-03-08 12:10:16.974694',123);
INSERT INTO recordings VALUES(285,'snowflake.mp3','(one movement)','2025-03-08 12:10:16.984231','2025-03-08 12:10:16.984231',124);
INSERT INTO recordings VALUES(286,'wanderers.mp3','(one movement)','2025-03-08 12:10:16.993266','2025-03-08 12:10:16.993266',125);
INSERT INTO recordings VALUES(287,'silvery.rain.mp3','(one movement)','2025-03-08 12:10:17.002239','2025-03-08 12:10:17.002239',126);
INSERT INTO recordings VALUES(288,'june.day.mp3','(one movement)','2025-03-08 12:10:17.011764','2025-03-08 12:10:17.011764',127);
INSERT INTO recordings VALUES(289,'love_me_from_3_love_songs.mp3','(one movement)','2025-03-08 12:10:17.019982','2025-03-08 12:10:17.019982',128);
INSERT INTO recordings VALUES(290,'teasdale_tune.mp3','(one movement)','2025-03-08 12:10:17.027708','2025-03-08 12:10:17.027708',129);
INSERT INTO recordings VALUES(291,'lovesongs.mp3','(one movement)','2025-03-08 12:10:17.047196','2025-03-08 12:10:17.047196',130);
INSERT INTO recordings VALUES(292,'net.mp3','(one movement)','2025-03-08 12:10:17.055395','2025-03-08 12:10:17.055395',131);
INSERT INTO recordings VALUES(293,'sea.lover.mp3','(one movement)','2025-03-08 12:10:17.067304','2025-03-08 12:10:17.067304',132);
INSERT INTO recordings VALUES(294,'lovesongs.mp3','(one movement)','2025-03-08 12:10:17.076691','2025-03-08 12:10:17.076691',133);
INSERT INTO recordings VALUES(295,'bright_april.mp3','(one movement)','2025-03-08 12:10:17.088924','2025-03-08 12:10:17.088924',134);
INSERT INTO recordings VALUES(296,'Cello_cto_I.mp3','I. Hymns and Fugues','2025-03-08 12:10:24.255211','2025-03-08 12:10:24.255211',135);
INSERT INTO recordings VALUES(297,'blues_cello_cto.mp3','II. Blues','2025-03-08 12:10:24.287349','2025-03-08 12:10:24.287349',135);
INSERT INTO recordings VALUES(298,'sorbet.mp3','III. Sorbet','2025-03-08 12:10:24.301994','2025-03-08 12:10:24.301994',135);
INSERT INTO recordings VALUES(299,'cello_cto_finale.mp3','IV. Finale','2025-03-08 12:10:24.315163','2025-03-08 12:10:24.315163',135);
INSERT INTO recordings VALUES(300,'fant_shen_usarmystr_.mp3','string orchestra version','2025-03-08 12:10:24.332477','2025-03-08 12:10:24.332477',136);
INSERT INTO recordings VALUES(301,'spirit_north.mp3','I. Spirit of the North','2025-03-08 12:10:24.349964','2025-03-08 12:10:24.349964',137);
INSERT INTO recordings VALUES(302,'North_Lights.mp3','II. Northern Lights','2025-03-08 12:10:24.367884','2025-03-08 12:10:24.367884',137);
INSERT INTO recordings VALUES(303,'father_of_waters.mp3','III. Father of Waters','2025-03-08 12:10:24.382939','2025-03-08 12:10:24.382939',137);
INSERT INTO recordings VALUES(304,'boreal_forest.mp3','IV. Boreal Forest','2025-03-08 12:10:24.400879','2025-03-08 12:10:24.400879',137);
INSERT INTO recordings VALUES(305,'into_the_wind.mp3','V. Into the Wind','2025-03-08 12:10:24.417368','2025-03-08 12:10:24.417368',137);
INSERT INTO recordings VALUES(306,'violin_sonata.mp3','all three movements','2025-03-08 12:10:24.433011','2025-03-08 12:10:24.433011',138);
INSERT INTO recordings VALUES(307,'love_little.mp3','one movement','2025-03-08 12:10:24.455435','2025-03-08 12:10:24.455435',139);
INSERT INTO recordings VALUES(308,'gelato.mp3','one movement','2025-03-08 12:10:24.469030','2025-03-08 12:10:24.469030',140);
INSERT INTO recordings VALUES(309,'curly_prays.mp3','one movement','2025-03-08 12:10:24.483525','2025-03-08 12:10:24.483525',141);
INSERT INTO recordings VALUES(310,'flute_sonata_icy_waters_I.mp3','I.','2025-03-08 12:10:24.501217','2025-03-08 12:10:24.501217',142);
INSERT INTO recordings VALUES(311,'flute_sonata_icy_waters_II.mp3','II.','2025-03-08 12:10:24.518913','2025-03-08 12:10:24.518913',142);
INSERT INTO recordings VALUES(312,'sunday_morn.mp3','one movement','2025-03-08 12:10:24.539621','2025-03-08 12:10:24.539621',143);
INSERT INTO recordings VALUES(313,'audubon.mp3','one movement','2025-03-08 12:10:24.559647','2025-03-08 12:10:24.559647',144);
INSERT INTO recordings VALUES(314,'reluctant_farewell_sowash.mp3','one movement','2025-03-08 12:10:24.575349','2025-03-08 12:10:24.575349',145);
INSERT INTO recordings VALUES(315,'andante.intimo.mp3','one movement','2025-03-08 12:10:24.593866','2025-03-08 12:10:24.593866',146);
INSERT INTO recordings VALUES(316,'hither.yon.mp3','one movement','2025-03-08 12:10:24.609168','2025-03-08 12:10:24.609168',147);
INSERT INTO recordings VALUES(317,'pirate.vari.mp3','one movement','2025-03-08 12:10:24.625252','2025-03-08 12:10:24.625252',148);
INSERT INTO recordings VALUES(318,'scherzo.serioso.mp3','one movement','2025-03-08 12:10:24.637983','2025-03-08 12:10:24.637983',149);
INSERT INTO recordings VALUES(319,'swashbuckler.mp3','one movement','2025-03-08 12:10:24.652092','2025-03-08 12:10:24.652092',96);
INSERT INTO recordings VALUES(320,'vocalise.mp3','one movement','2025-03-08 12:10:24.672339','2025-03-08 12:10:24.672339',97);
INSERT INTO recordings VALUES(321,'hope.is.kindled.mp3','one movement','2025-03-08 12:10:24.687785','2025-03-08 12:10:24.687785',150);
INSERT INTO recordings VALUES(322,'piper.at.gates.in.vista.mp3','one movement','2025-03-08 12:10:24.710290','2025-03-08 12:10:24.710290',151);
INSERT INTO recordings VALUES(323,'Largo_Relig.mp3','one movement','2025-03-08 12:10:24.727004','2025-03-08 12:10:24.727004',152);
INSERT INTO recordings VALUES(324,'to.and.fro.mp3','one movement','2025-03-08 12:10:24.739437','2025-03-08 12:10:24.739437',153);
INSERT INTO recordings VALUES(325,'hymn.of.hope.mp3','one movement','2025-03-08 12:10:24.755705','2025-03-08 12:10:24.755705',154);
INSERT INTO recordings VALUES(326,'our_home_kitchen.mp3','I. The Kitchen','2025-03-08 12:10:24.774125','2025-03-08 12:10:24.774125',155);
INSERT INTO recordings VALUES(327,'composing_room.mp3','II. The Composing Room','2025-03-08 12:10:24.791762','2025-03-08 12:10:24.791762',155);
INSERT INTO recordings VALUES(328,'attic.library.mp3','III. The Attic-Library','2025-03-08 12:10:24.808794','2025-03-08 12:10:24.808794',155);
INSERT INTO recordings VALUES(329,'our.home.mp3','IV. The Smallest Room','2025-03-08 12:10:24.821045','2025-03-08 12:10:24.821045',155);
INSERT INTO recordings VALUES(330,'shaker.dining.room.mp3','V. The Shaker Dining Room','2025-03-08 12:10:24.831625','2025-03-08 12:10:24.831625',155);
INSERT INTO recordings VALUES(331,'bedroom.mp3','VI. The Bedroom','2025-03-08 12:10:24.842661','2025-03-08 12:10:24.842661',155);
INSERT INTO recordings VALUES(332,'our_home_7.mp3','VII. The Living Room','2025-03-08 12:10:24.857206','2025-03-08 12:10:24.857206',155);
CREATE TABLE IF NOT EXISTS "scores" ("id" integer PRIMARY KEY AUTOINCREMENT NOT NULL, "file_name" varchar, "label" varchar, "created_at" datetime(6) NOT NULL, "updated_at" datetime(6) NOT NULL, "work_id" integer);
INSERT INTO scores VALUES(1,'hqe.5.pdf','5','2025-03-08 12:09:51.699238','2025-03-08 12:09:51.699238',11);
INSERT INTO scores VALUES(2,'it_may_be_hqe.pdf','10','2025-03-08 12:09:51.729566','2025-03-08 12:09:51.729566',11);
INSERT INTO scores VALUES(3,'Cello_cto_I.pdf','I. Hymns and Fugues','2025-03-08 12:10:24.277606','2025-03-08 12:10:24.277606',135);
INSERT INTO scores VALUES(4,'blues_cello_cto.pdf','II. Blues','2025-03-08 12:10:24.293113','2025-03-08 12:10:24.293113',135);
INSERT INTO scores VALUES(5,'mp3.sorbet.pdf','III. Sorbet','2025-03-08 12:10:24.308701','2025-03-08 12:10:24.308701',135);
INSERT INTO scores VALUES(6,'cello_cto_finale.pdf','IV. Finale','2025-03-08 12:10:24.322987','2025-03-08 12:10:24.322987',135);
INSERT INTO scores VALUES(7,'sowash_fantasia.pdf','string orchestra version','2025-03-08 12:10:24.340944','2025-03-08 12:10:24.340944',136);
INSERT INTO scores VALUES(8,'spirit_north.pdf','I. Spirit of the North','2025-03-08 12:10:24.359291','2025-03-08 12:10:24.359291',137);
INSERT INTO scores VALUES(9,'North_Lights.pdf','II. Northern Lights','2025-03-08 12:10:24.374723','2025-03-08 12:10:24.374723',137);
INSERT INTO scores VALUES(10,'father_of_waters.pdf','III. Father of Waters','2025-03-08 12:10:24.391505','2025-03-08 12:10:24.391505',137);
INSERT INTO scores VALUES(11,'boreal_forest.pdf','IV. Boreal Forest','2025-03-08 12:10:24.409794','2025-03-08 12:10:24.409794',137);
INSERT INTO scores VALUES(12,'into_the_wind.pdf','V. Into the Wind','2025-03-08 12:10:24.424777','2025-03-08 12:10:24.424777',137);
INSERT INTO scores VALUES(13,'violin_sonata.pdf','all three movements','2025-03-08 12:10:24.438876','2025-03-08 12:10:24.438876',138);
INSERT INTO scores VALUES(14,'love_little.pdf','one movement','2025-03-08 12:10:24.461584','2025-03-08 12:10:24.461584',139);
INSERT INTO scores VALUES(15,'gelato.pdf','one movement','2025-03-08 12:10:24.474751','2025-03-08 12:10:24.474751',140);
INSERT INTO scores VALUES(16,'curly_prays.pdf','one movement','2025-03-08 12:10:24.492192','2025-03-08 12:10:24.492192',141);
INSERT INTO scores VALUES(17,'icy_watersi.pdf','I.','2025-03-08 12:10:24.510209','2025-03-08 12:10:24.510209',142);
INSERT INTO scores VALUES(18,'flute_sonata_icy_waters_2.pdf','II.','2025-03-08 12:10:24.529043','2025-03-08 12:10:24.529043',142);
INSERT INTO scores VALUES(19,'sunday_morn.pdf','one movement','2025-03-08 12:10:24.550096','2025-03-08 12:10:24.550096',143);
INSERT INTO scores VALUES(20,'audubon.pdf','one movement','2025-03-08 12:10:24.567568','2025-03-08 12:10:24.567568',144);
INSERT INTO scores VALUES(21,'reluctant.pdf','one movement','2025-03-08 12:10:24.585252','2025-03-08 12:10:24.585252',145);
INSERT INTO scores VALUES(22,'andante.intimo.pdf','one movement','2025-03-08 12:10:24.601274','2025-03-08 12:10:24.601274',146);
INSERT INTO scores VALUES(23,'hither.yon.pdf','one movement','2025-03-08 12:10:24.616941','2025-03-08 12:10:24.616941',147);
INSERT INTO scores VALUES(24,'pirate.vari.pdf','one movement','2025-03-08 12:10:24.631565','2025-03-08 12:10:24.631565',148);
INSERT INTO scores VALUES(25,'scherzo.serioso.pdf','one movement','2025-03-08 12:10:24.645807','2025-03-08 12:10:24.645807',149);
INSERT INTO scores VALUES(26,'swashbuckler.pdf','one movement','2025-03-08 12:10:24.657875','2025-03-08 12:10:24.657875',96);
INSERT INTO scores VALUES(27,'vocalise.pdf','one movement','2025-03-08 12:10:24.679251','2025-03-08 12:10:24.679251',97);
INSERT INTO scores VALUES(28,'hope.is.kindled.full.score.pdf','one movement','2025-03-08 12:10:24.697302','2025-03-08 12:10:24.697302',150);
INSERT INTO scores VALUES(29,'piper.at.gates.score.pdf','one movement','2025-03-08 12:10:24.717506','2025-03-08 12:10:24.717506',151);
INSERT INTO scores VALUES(30,'Largo_Relig.pdf','one movement','2025-03-08 12:10:24.732589','2025-03-08 12:10:24.732589',152);
INSERT INTO scores VALUES(31,'to.and.fro.pdf','one movement','2025-03-08 12:10:24.747583','2025-03-08 12:10:24.747583',153);
INSERT INTO scores VALUES(32,'hymn.of.hope.pdf','one movement','2025-03-08 12:10:24.766323','2025-03-08 12:10:24.766323',154);
INSERT INTO scores VALUES(33,'our_home_kitchen.pdf','I. The Kitchen','2025-03-08 12:10:24.783503','2025-03-08 12:10:24.783503',155);
INSERT INTO scores VALUES(34,'composing_room.pdf','II. The Composing Room','2025-03-08 12:10:24.800163','2025-03-08 12:10:24.800163',155);
INSERT INTO scores VALUES(35,'attic.library.pdf','III. The Attic-Library','2025-03-08 12:10:24.815702','2025-03-08 12:10:24.815702',155);
INSERT INTO scores VALUES(36,'our.home.4.pdf','IV. The Smallest Room','2025-03-08 12:10:24.826520','2025-03-08 12:10:24.826520',155);
INSERT INTO scores VALUES(37,'shaker.dining.room.pdf','V. The Shaker Dining Room','2025-03-08 12:10:24.836771','2025-03-08 12:10:24.836771',155);
INSERT INTO scores VALUES(38,'bedroom.pdf','VI. The Bedroom','2025-03-08 12:10:24.850080','2025-03-08 12:10:24.850080',155);
INSERT INTO scores VALUES(39,'our_home_7.pdf','VII. The Living Room','2025-03-08 12:10:24.868836','2025-03-08 12:10:24.868836',155);
DELETE FROM sqlite_sequence;
INSERT INTO sqlite_sequence VALUES('parts',340);
INSERT INTO sqlite_sequence VALUES('instruments',43);
INSERT INTO sqlite_sequence VALUES('works',156);
INSERT INTO sqlite_sequence VALUES('genres',17);
INSERT INTO sqlite_sequence VALUES('recordings',332);
INSERT INTO sqlite_sequence VALUES('scores',39);
INSERT INTO sqlite_sequence VALUES('liner_notes',12);
CREATE INDEX "index_parts_on_work_id" ON "parts" ("work_id");
CREATE INDEX "index_parts_on_instrument_id" ON "parts" ("instrument_id");
CREATE INDEX "index_instruments_on_rank" ON "instruments" ("rank");
CREATE INDEX "index_liner_notes_on_work_id" ON "liner_notes" ("work_id");
CREATE UNIQUE INDEX "index_works_on_title" ON "works" ("title");
CREATE INDEX "index_recordings_on_work_id" ON "recordings" ("work_id");
CREATE INDEX "index_scores_on_work_id" ON "scores" ("work_id");
COMMIT;
